horizon,coef_name,beta,se,ci_lo90,ci_hi90,ci_lo68,ci_hi68
0,shock_g1,3.284607259511654e-5,0.00019236953170729377,-0.00018763759953371097,0.00031230947804351816,-0.00010000156107638958,0.00020436454467827683
0,shock_g2,-5.927390734307524e-5,0.00015456930759502095,-0.0002405368005158428,0.00012580832672166484,-0.00017057393594666726,5.816538119994919e-5
0,shock_g3,0.00012062737600231885,0.00023372276579909277,-0.0003784803131868558,0.0006149089662623739,-0.00014534136532666188,0.0003712682562567103
0,shock_g4,6.739820613977243e-5,0.00013610407983641803,-0.00011042515225599018,0.00025652468810824107,-3.6862223673625656e-5,0.00016876626531355616
0,shock_g5,0.00012342866271839397,0.00011498551501104086,-5.7855817593507186e-5,0.00025304740550558815,1.5815714814671196e-5,0.00020315734035084444
0,shock_g8,0.0001113493382234956,0.00010383606239984495,-3.354130263856411e-5,0.00023719634163787552,2.229823022929908e-5,0.0001951769654706718
0,shock_g9,-8.969907773543243e-5,0.0001983740607408835,-0.0003173574112237194,0.00016977303818331555,-0.00024060914265738113,5.448729785764337e-5
0,shock_lag1,3.626210506530278e-5,6.063158664581533e-5,-4.251636027880908e-5,0.00010636135942551891,-1.1115644153585992e-5,7.913231232857692e-5
0,ylag1,0.6864782619759796,0.03700554095023224,0.6488205942491876,0.7245408018579332,0.6649627117043478,0.7105105816959347
0,log_oil_lag1,-0.00012094680594096216,5.273632284433254e-5,-0.00020064870904218423,-5.5300570876056106e-5,-0.0001674423298109658,-7.993023836176273e-5
0,ffr_lag1,0.00010398920724384072,2.694644191300876e-5,7.194750374995068e-5,0.00013761094313783539,8.440500846460708e-5,0.00012436810947782709
0,cpi_lag1,-7.5855272698557745e-6,1.236024265790434e-6,-8.993973710350575e-6,-5.972313286891992e-6,-8.372408459794104e-6,-6.605811930891852e-6
0,indpro_lag1,-2.5382737271185622e-5,3.6685511147119844e-6,-2.9459806563541762e-5,-2.0987927740056826e-5,-2.78374795332517e-5,-2.2761967660080348e-5
0,t10y3m_lag1,7.526083506317323e-5,3.952118478835848e-5,3.0980792451712775e-5,0.00012919749173757376,4.692096273374737e-5,0.00010788710547573526
0,age_mean,0.00010960744833683896,1.7920851409045172e-5,8.78737003728358e-5,0.00013201733653361955,9.69327236922818e-5,0.00012270753944151595
0,female_share,0.0011967598633872937,0.0005497511973876297,0.0005959521823032431,0.0017635461627648259,0.0007959054657975043,0.0015345875173026543
1,shock_g1,0.000148303207303174,0.00019283662064955773,-8.609102596502668e-5,0.0003966128168181087,-1.779635359906625e-6,0.0003036908729962353
1,shock_g2,2.32836410395277e-5,0.00013995268035291449,-0.00017046487031087423,0.00020127594988192163,-7.189393729145751e-5,0.0001318149271547704
1,shock_g3,3.0083977216399248e-5,0.00010358869340642163,-0.00036778047637880316,0.0001733978639165705,-0.00024026927552669243,8.83254920424604e-5
1,shock_g4,6.217175503191755e-5,0.00011115860813072695,-8.920285454083396e-5,0.00021587171041742315,-3.287144335081014e-5,0.00013544882541826402
1,shock_g5,-0.00019204761454973682,8.239930398890674e-5,-0.0003077993507529469,-8.63573100701174e-5,-0.00025730175783231484,-0.0001280515081721134
1,shock_g8,0.00013377663683927045,0.00010297019006314301,1.9591784090875733e-5,0.00026450397397920916,6.304334528100705e-5,0.00021424895665186965
1,shock_g9,0.0001731283056975812,0.00016334685926643047,-2.5534720475219486e-5,0.00042096597918102633,5.5485250940031776e-5,0.00031157675588116277
1,shock_lag1,-3.756751216513379e-5,7.259734272484172e-5,-0.00013145947021529834,5.295613578269624e-5,-9.918261822361168e-5,1.519539739133954e-5
1,ylag1,0.6622418794755163,0.03809768309753044,0.6242160290892937,0.7063242696538786,0.6396046340359348,0.6890729852358172
1,log_oil_lag1,-2.6604169966102866e-5,5.3999727120864566e-5,-0.00010255096756515836,3.967070619403782e-5,-7.412509554848946e-5,1.3570826146562744e-5
1,ffr_lag1,6.675675703698865e-5,2.4659491503435745e-5,3.427194346458403e-5,9.839244771422178e-5,4.8331569072927977e-5,8.58041301157912e-5
1,cpi_lag1,-7.86313289921294e-6,1.262977153913107e-6,-9.316693681493123e-6,-6.135643017065243e-6,-8.751389471675232e-6,-6.798422006928231e-6
1,indpro_lag1,-2.3723816967133415e-5,3.844064526237501e-6,-2.8298941833378512e-5,-1.8439804579866528e-5,-2.6449123989231233e-5,-2.0584390590675673e-5
1,t10y3m_lag1,4.3856723992671487e-5,4.0293142102463804e-5,-4.2499704062672164e-6,9.667348289151573e-5,1.3954245557249304e-5,7.340909835297553e-5
1,age_mean,8.724164122503256e-6,1.909473508060381e-5,-1.4758928196004998e-5,3.2693296760807585e-5,-5.8466764849234795e-6,2.1648595642128533e-5
1,female_share,0.0037243407047919787,0.00046309264408160404,0.0031386664185946178,0.004240704334071041,0.0033503460038679035,0.004027293935635957
2,shock_g1,-0.00024328820302996456,0.0002454214354804535,-0.000507664291960964,0.00010161280133763107,-0.00040142498817093147,-2.6017009851816145e-5
2,shock_g2,0.00012083589789968096,0.0001439205529718211,-5.827263332816461e-5,0.0002743497484084927,6.28578039599976e-6,0.00022214618903840063
2,shock_g3,-0.00013594415480853354,0.00015456388993721748,-0.0005587042029883998,0.0003801112973230308,-0.0003125208884850665,0.00014045325564417908
2,shock_g4,-0.0001165783018759921,0.0001282312856422429,-0.0002689822436408523,5.996447095159295e-5,-0.00020333802839195712,-1.1187418916632421e-5
2,shock_g5,5.342227315654625e-5,8.058148624103392e-5,-6.220527903647713e-5,0.00015339173093528103,-7.163343138907858e-6,0.0001129531690970216
2,shock_g8,0.00021388037996039556,0.0001193405926106334,6.623383001488239e-5,0.000375903754672906,0.00012271881564330023,0.0002970837337821537
2,shock_g9,-0.00011516751657612909,0.00014509177651944997,-0.0002872874497453282,8.413856255211448e-5,-0.0002172037001342234,5.381198840249694e-6
2,shock_lag1,7.097815267291095e-6,7.98499760367979e-5,-8.497451948382667e-5,0.0001330896735312073,-4.769292488555656e-5,8.222761520664216e-5
2,ylag1,0.6636514768713974,0.03596564049582556,0.6260022312496343,0.7037552164934491,0.6415839264630718,0.6855604397019258
2,log_oil_lag1,-4.931626807028101e-5,7.160394933179832e-5,-0.0001574114226144983,3.263555952457388e-5,-0.00010886612133289021,5.707606886496682e-6
2,ffr_lag1,7.217650241532681e-5,3.0399826822636776e-5,2.948846307715543e-5,0.00011302878625044682,4.6720548894311534e-5,9.569692056574742e-5
2,cpi_lag1,-7.96421173549636e-6,1.3017668269700095e-6,-9.591224299290621e-6,-6.115206750389649e-6,-8.967129102954078e-6,-6.81594196592196e-6
2,indpro_lag1,-2.415880561404847e-5,4.474466109612906e-6,-2.966383369538623e-5,-1.7665406936745647e-5,-2.7209178998815156e-5,-2.094033552610439e-5
2,t10y3m_lag1,4.827411683514088e-5,5.0050525893076614e-5,-2.3181096806375125e-5,0.00011356251254211932,6.651965204852026e-6,8.74981187679602e-5
2,age_mean,3.539608019244255e-5,2.0155757445474187e-5,7.160199996390738e-6,6.47013124331105e-5,1.9454315574124e-5,5.239223681216747e-5
2,female_share,0.003150794870840684,0.0005397570757539944,0.002535695598348251,0.003697555958958163,0.002763765203888182,0.0035362285052377603
3,shock_g1,0.00016068780105182965,0.0002129314525605774,-6.581934370046788e-5,0.0004668126786413807,1.8695721567429095e-5,0.0003476978460185897
3,shock_g2,-2.215798478689472e-5,0.0001531944197609605,-0.00020390039623831077,0.00017577069281000978,-0.00012314106804760618,9.247322288729203e-5
3,shock_g3,-0.0002725004248136645,0.0002449376423478735,-0.0009434551726432874,0.00029225867870000976,-0.000672488381080742,-6.521288977123861e-6
3,shock_g4,7.848025587056857e-5,9.627607676283777e-5,-6.453301247605288e-5,0.0001912702925046917,-6.755614502093699e-6,0.00014770106801480947
3,shock_g5,8.368268716149924e-5,8.48783774070022e-5,-2.2165221109512564e-5,0.0001784339506380114,2.1777279576127038e-5,0.00013961772611175184
3,shock_g8,9.020657716495648e-5,0.00011185534892401516,-5.637392481443216e-5,0.00022025919275878413,1.0508852482017338e-5,0.00017142431239198686
3,shock_g9,-0.00011871425179141332,0.0001511299569892011,-0.00030264893427767474,8.865094316948934e-5,-0.0002401291341295748,2.8596547208170115e-6
3,shock_lag1,0.00010580131641282682,5.35446781695253e-5,3.8409502040015575e-5,0.00016790413590291774,6.400922338256162e-5,0.00014538429351000705
3,ylag1,0.6625765543035264,0.04057871319841219,0.6200769941918673,0.7057471874824621,0.6367935696722471,0.6878685602572916
3,log_oil_lag1,-0.0001222311551227947,7.221874601086626e-5,-0.00022830470911822307,-2.8004091059206262e-5,-0.00018614862376120544,-6.240072508611544e-5
3,ffr_lag1,7.413628434171899e-5,3.821550740167016e-5,1.800116310344131e-5,0.0001337617137093886,4.4729948938446604e-5,0.00010502445035263686
3,cpi_lag1,-8.069019467561916e-6,1.6973983002003934e-6,-1.0492680241066372e-5,-5.458641118337906e-6,-9.489890897585777e-6,-6.507897757570197e-6
3,indpro_lag1,-2.5274338343267397e-5,5.54004987069516e-6,-3.1986107442980275e-5,-1.6444089118542085e-5,-2.9275553709610853e-5,-1.994013991730339e-5
3,t10y3m_lag1,4.707199479182723e-5,6.190549710308283e-5,-3.5193090090979456e-5,0.00013767384341227033,1.32836201665765e-6,9.440288434876784e-5
3,age_mean,6.812575351978613e-5,1.751846708766066e-5,4.659437776303572e-5,8.976359514717541e-5,5.504456693081398e-5,8.121073745745177e-5
3,female_share,0.003382314033068962,0.0004410727642683406,0.002880426174390956,0.003915143446629788,0.0030456199630658283,0.0036665298102086757
4,shock_g1,0.0005148984257068254,0.00020134003016805669,0.0002439883692183853,0.000790168209750565,0.0003554060724790725,0.0006573394081826103
4,shock_g2,-5.46924602736089e-5,0.00012137975006539969,-0.00019008450129768856,8.079074148044631e-5,-0.0001330934319369608,3.543447942986065e-5
4,shock_g3,-5.716143879627659e-5,0.00016746085319702155,-0.0004915817690616416,0.00035141471602786534,-0.00022259226091952055,0.00018116774356266986
4,shock_g4,-0.00016922524444892227,0.00013810913823404747,-0.0003528324319743534,1.755653943201374e-5,-0.0002731931854551648,-5.8039948437069974e-5
4,shock_g5,-0.00010442839331007296,0.0001003250990105048,-0.0002448368906951471,1.237285076381829e-5,-0.0001779823008612712,-3.007512080539157e-5
4,shock_g8,0.00017719208615454442,0.00010254600798254955,4.538720812651318e-5,0.00029449478462175094,0.00010220311542740473,0.0002546487813095154
4,shock_g9,0.00017018930898586847,0.00014712628267888705,-1.74534811579323e-5,0.0003627751548205208,5.432010564253074e-5,0.0002749273719242481
4,shock_lag1,3.6071266031741193e-6,7.019449253473235e-5,-8.936118849986333e-5,0.00010603648738684119,-4.904400901420457e-5,5.869630985392515e-5
4,ylag1,0.6538336644029543,0.037055043637865735,0.6137643785608644,0.6938720043727343,0.6311376390279853,0.6781178697963453
4,log_oil_lag1,-0.00011098421846707003,9.021589301129068e-5,-0.00023353458401423983,5.564234181137579e-6,-0.00018737938553300553,-3.906285012899777e-5
4,ffr_lag1,4.776942839647488e-5,3.9779689560455685e-5,-8.439326778065448e-6,0.00010700281197257612,1.1622728368320821e-5,8.164552257087184e-5
4,cpi_lag1,-8.492338137319247e-6,1.644328598443426e-6,-1.0931692997664303e-5,-5.941633980932054e-6,-9.930643183524965e-6,-6.817185586584108e-6
4,indpro_lag1,-2.5850852039831252e-5,5.793888246599213e-6,-3.352028265872896e-5,-1.6746226907652558e-5,-2.9592143839499692e-5,-2.07611023525506e-5
4,t10y3m_lag1,9.83596173414142e-6,6.448881687393743e-5,-7.419774564382637e-5,0.0001055665792775278,-4.035263192859393e-5,6.722623003940155e-5
4,age_mean,4.3637136351192424e-5,1.7181581660662337e-5,2.314647387598515e-5,6.468096731322304e-5,3.067778736103534e-5,5.6570924922070285e-5
4,female_share,0.0031656598362762405,0.00054507951977628,0.002461976041277049,0.0037406550215608276,0.0027438650588714033,0.0035048176513118603
5,shock_g1,5.0912822008316344e-5,0.00022108971188843855,-0.0002331680972425594,0.00035199687112383077,-0.00011124630363016772,0.00023241110603292145
5,shock_g2,8.75252732783623e-5,0.00015447200100874775,-0.00011448414475981367,0.0002806306135773971,-2.4819918401288403e-5,0.00019642996076173352
5,shock_g3,0.0007282719058793837,0.0001969689325818459,0.0003487451617020327,0.001134913024456141,0.0005118846860005645,0.0009714317464707692
5,shock_g4,-5.5969678004778405e-5,0.00012482952851102414,-0.00022002197789807956,0.00012071717709802388,-0.0001639024577522488,3.44299506745809e-5
5,shock_g5,0.00017680354486975,8.696994960511881e-5,7.823394073006189e-5,0.0002912354564237787,0.00011631967118893251,0.00025241772471828994
5,shock_g8,8.321795767948485e-5,0.00012728929038754785,-5.330428900839564e-5,0.00022948042286003803,3.5983381619739564e-6,0.0001635880107341216
5,shock_g9,-0.0002242405972807007,0.00016390570050176903,-0.0004080283884826477,1.2135742084849223e-6,-0.00034025438128546236,-8.792745081288552e-5
5,shock_lag1,2.6457218574641626e-5,6.37677265888635e-5,-5.943557775816297e-5,9.912910381443908e-5,-2.46823871010714e-5,7.463866939789635e-5
5,ylag1,0.6431680340727605,0.03748078777072335,0.6028084619153601,0.6866763071202032,0.6173082406631476,0.6704196030096974
5,log_oil_lag1,-0.00011720384262207602,0.0001012080097984072,-0.0002670802663975151,1.6036582687255644e-5,-0.0002052642349918989,-3.6714053704849244e-5
5,ffr_lag1,1.5652266103916034e-5,4.510877893059226e-5,-5.139831455823337e-5,8.517162868331221e-5,-2.483053566384131e-5,5.9467249661831646e-5
5,cpi_lag1,-9.581282614395662e-6,1.8094642327246607e-6,-1.229713925061643e-5,-6.705528892050566e-6,-1.1154205901442379e-5,-7.832293493346887e-6
5,indpro_lag1,-2.745727675555812e-5,6.450380253547088e-6,-3.667140919285722e-5,-1.712985796716125e-5,-3.2760013175348485e-5,-2.1331600742386815e-5
5,t10y3m_lag1,-3.7362193636093995e-5,7.12790036289637e-5,-0.00014145423060078264,7.014984391274988e-5,-9.95386488137378e-5,2.986823936946442e-5
5,age_mean,3.813780113918541e-5,2.1471232241104564e-5,1.1147760587582618e-5,6.621977582771396e-5,2.363636465911248e-5,5.546304904482203e-5
5,female_share,0.002833410616065157,0.0005185396609336184,0.002226608130225702,0.003474636544728937,0.0024734661313294184,0.003188689846548092
6,shock_g1,0.0003169530675566224,0.0001606622425665621,9.756703905696346e-5,0.0005435221725231201,0.00019116487521709453,0.0004445877344045762
6,shock_g2,-7.789885151431867e-5,0.00016336992165541932,-0.00030140341543036714,9.754522585249282e-5,-0.0002082863320845896,2.6655882769038662e-5
6,shock_g3,0.000177024464360126,0.00010791227754243715,3.128160281741033e-7,0.00042466895728623374,7.162301662325254e-5,0.0003172600235940872
6,shock_g4,-0.0001642952102307376,0.00013778460100375434,-0.000333609123997616,1.1524375045275062e-5,-0.000273090234703578,-5.1263605432183174e-5
6,shock_g5,7.497759468954805e-5,7.734167595676634e-5,-1.8329815231401042e-5,0.00017826892915664773,1.710912012268788e-5,0.00013576041970626436
6,shock_g8,0.00013338524916030382,0.00010652306568437569,1.35092979514269e-5,0.0002756564041313562,5.828276779784766e-5,0.00022211306448511196
6,shock_g9,-0.00020064123772685764,0.0001819536367221244,-0.0004003123966826414,1.3309042132592585e-5,-0.0003120861452668317,-5.1576841880878496e-5
6,shock_lag1,-6.80653062076231e-5,5.50534260109217e-5,-0.00014757695983704585,8.817351829046196e-7,-0.00011023596741091901,-2.6161692291719315e-5
6,ylag1,0.649950756323418,0.04045341019533468,0.6078397048594154,0.6971334017798234,0.6243594109170465,0.6787125008627549
6,log_oil_lag1,-7.681324139110427e-5,9.87205768362151e-5,-0.0002226635424391493,5.483451617669066e-5,-0.000158477168827852,3.2401936116119886e-6
6,ffr_lag1,-3.0051038111108798e-6,4.83964711656402e-5,-7.16053502292602e-5,7.314369275320472e-5,-4.1869845071223816e-5,4.5729557748203724e-5
6,cpi_lag1,-1.062104397442726e-5,1.9534004857427765e-6,-1.3118435427312774e-5,-7.37287830496537e-6,-1.205234048760291e-5,-8.792489653210385e-6
6,indpro_lag1,-2.9266779660480685e-5,6.135419682740003e-6,-3.824710797912101e-5,-1.9455297633112793e-5,-3.435613415251845e-5,-2.313802167063113e-5
6,t10y3m_lag1,-6.21737623976815e-5,7.497191903495385e-5,-0.00016679298119136755,5.087332259520348e-5,-0.00012069040196141691,8.883846605260657e-6
6,age_mean,5.3319143941806834e-5,1.8945997010096568e-5,2.8058405792142596e-5,7.513161574964845e-5,3.6882313743181314e-5,6.486227257197099e-5
6,female_share,0.0027083595043067175,0.0005396539660114309,0.0021078263381471792,0.0033704253727231334,0.002322653717498862,0.0030933004325360506
7,shock_g1,-7.80045514283758e-5,0.00018711051251185936,-0.000308191526460505,0.00017674790128807466,-0.00021471939821423545,5.631931509900345e-5
7,shock_g2,-0.00010749835412867069,0.00015250325180889683,-0.00028062631274683306,8.069549338540496e-5,-0.00021068675675852024,-3.0646321826926115e-6
7,shock_g3,0.0005226934962135664,0.00024833522858731,-0.0001461380013912032,0.001359701920342344,0.00023763670898437934,0.001007287460278251
7,shock_g4,1.89707199054479e-5,0.00013348574447135867,-0.0001532119285244154,0.00019402482952559678,-7.917423452763012e-5,0.0001289682945010075
7,shock_g5,-1.4890001395572336e-5,8.693319133549884e-5,-0.00012500550033573186,9.245345645596183e-5,-8.045719508355594e-5,5.152242771205048e-5
7,shock_g8,5.377770194669073e-5,9.77966868117155e-5,-7.08581232274268e-5,0.0001664422397020331,-2.3778494723745553e-5,0.0001232184779307742
7,shock_g9,-0.00013484976926842355,0.00017474236108076967,-0.00034850910244938035,0.00010112485917132232,-0.00025848349573529575,4.5216830422967745e-6
7,shock_lag1,1.585170872461318e-5,4.711866345498265e-5,-4.840033411940716e-5,7.991552409611106e-5,-2.2200151995931013e-5,5.2769238888480526e-5
7,ylag1,0.6584017174420507,0.0349383102275774,0.6196503780967753,0.6963156163716187,0.6346898616756276,0.6807631043420471
7,log_oil_lag1,-6.478910666767943e-5,0.00010661903432493553,-0.00021995821509006097,7.962577812773095e-5,-0.00015925332128340907,2.486207423455773e-5
7,ffr_lag1,-1.68019015842698e-5,4.8126946451704565e-5,-9.200181350391763e-5,5.643953623911899e-5,-5.8494990023048906e-5,3.315949658089493e-5
7,cpi_lag1,-9.765617630672154e-6,1.820327650394084e-6,-1.2415127249077105e-5,-6.706019231597964e-6,-1.1165372522294073e-5,-7.818009592645409e-6
7,indpro_lag1,-2.7433524152951853e-5,6.554606134510488e-6,-3.6963627282761384e-5,-1.6628383524326105e-5,-3.2633924012300794e-5,-2.0620015818655206e-5
7,t10y3m_lag1,-7.557623172240314e-5,7.545635351002752e-5,-0.00018242462747431414,4.048957503320363e-5,-0.0001357516664263813,-7.53916225699786e-7
7,age_mean,2.174831951638447e-5,2.0941809752281543e-5,-1.4640379933758928e-6,4.809312274816348e-5,7.625160847210006e-6,3.70238107144384e-5
7,female_share,0.002728814300377994,0.0005661391830497733,0.002144617527244968,0.0033974008095640643,0.002330971009835357,0.00311790088378127
8,shock_g1,-7.461503565731379e-6,0.00016263487384926626,-0.0002364487719458995,0.00018199342533162667,-0.00014307411235864873,0.00010991676802230706
8,shock_g2,7.699187534107688e-5,0.0001820032599954253,-0.0001544015350091988,0.00029044205925561514,-5.8728760917539045e-5,0.0002021244620099786
8,shock_g3,0.0005775520791939948,0.00010964847300461542,0.00036489671409095707,0.0007950931379746275,0.00044321588397129065,0.0006898954759726871
8,shock_g4,-2.259721485124341e-5,0.00011977928189352334,-0.00018367058829203294,0.00013832704217266143,-0.00012337402124250178,8.085034263205944e-5
8,shock_g5,9.126469414515092e-5,8.244829178973447e-5,3.843082562719923e-6,0.00019816635582003977,3.545190831799883e-5,0.00015202088700246906
8,shock_g8,0.00011339096267135895,9.731699076951903e-5,4.903460784059038e-6,0.00023293173810173525,4.364616561614228e-5,0.00018791998683561002
8,shock_g9,-0.00012422573749121076,0.00015482065178884825,-0.000325330397737468,7.067573351235868e-5,-0.00024676213586824464,3.5599293336912577e-6
8,shock_lag1,-6.576390149098006e-5,5.691037541766499e-5,-0.00014342680224132848,3.3418615920252854e-7,-0.00011227660625237024,-2.3367157197110433e-5
8,ylag1,0.6369361606517662,0.03690516316395972,0.5989716729619065,0.676052006372992,0.6144107085446558,0.6609742077057004
8,log_oil_lag1,-6.815036358134486e-5,0.00010959677532716549,-0.00021567137501364225,9.474170424030487e-5,-0.00016264114912504672,2.434801904441698e-5
8,ffr_lag1,5.827180544630591e-6,4.413713590416593e-5,-6.902337726448717e-5,7.252261316573251e-5,-3.214390880385846e-5,4.4974509375609224e-5
8,cpi_lag1,-9.72086861310951e-6,1.8149340047003966e-6,-1.2365837564763003e-5,-6.5592461333742846e-6,-1.1054466904002353e-5,-7.889353193192282e-6
8,indpro_lag1,-2.9347398930890114e-5,6.541396217301901e-6,-3.8225504363585904e-5,-1.8747711988405887e-5,-3.478638145845352e-5,-2.316458741580982e-5
8,t10y3m_lag1,-4.6675439402262056e-5,6.832048557890744e-5,-0.00015267386119444652,5.8172754415983356e-5,-0.00010515952069884106,1.624421526638936e-5
8,age_mean,4.0049223770810166e-5,2.1575114945098398e-5,1.4042970043640248e-5,6.495715827206869e-5,2.3256026412177515e-5,5.576004147556786e-5
8,female_share,0.0025061194586253424,0.0005839189031966534,0.0017944241937034033,0.0031612848222631966,0.0020940756267499245,0.002953669435229098
9,shock_g1,2.8813752721534097e-5,0.0001568941556079399,-0.00021541338165796868,0.00023183211901907954,-0.00013128860071092072,0.00014439630414243233
9,shock_g2,-0.00018553909313733517,0.0001482275319926,-0.00038261898376755574,-2.049761816669694e-5,-0.000301797436513892,-8.050753943151609e-5
9,shock_g3,0.0005139506069822162,0.0002492243437473215,-0.00038540231810101186,0.0012140839871752785,8.718189692223893e-5,0.0008964523008488758
9,shock_g4,-3.4598061423804434e-5,0.00014913047538111965,-0.00022000260157306042,0.00014073433001920014,-0.00014095533377455027,7.578293188581819e-5
9,shock_g5,0.00013306248701386802,8.850966285904562e-5,1.774156651321201e-5,0.00024412538535178616,6.049855688993536e-5,0.00020127337908592522
9,shock_g8,3.969766976020433e-6,9.402550412077485e-5,-0.00011520578404566963,0.00011608234004409372,-6.982906058364319e-5,7.206672908286228e-5
9,shock_g9,-0.0001545860381375778,0.0001469220596262418,-0.0003474298135744745,4.1737542517419494e-5,-0.00026456012203280026,-3.1409617839945204e-5
9,shock_lag1,-0.00011066990367383882,6.329424880132669e-5,-0.0001991002103598056,-3.949232848007369e-5,-0.00016825230696818327,-6.133818756322445e-5
9,ylag1,0.6278138720032889,0.03875796481275603,0.5894126015706928,0.6699429169739215,0.6040057912762873,0.6550584826369699
9,log_oil_lag1,-1.3949558666831036e-5,0.00010778488460998614,-0.00016350920595244555,0.0001306635416448757,-0.00011371870677806453,7.28520357535202e-5
9,ffr_lag1,1.3188198795108862e-5,5.0702902447079654e-5,-6.141669396016473e-5,8.121631048999243e-5,-3.043555472801924e-5,5.698022998657901e-5
9,cpi_lag1,-9.578040102500207e-6,2.078096870353677e-6,-1.2187409932451357e-5,-6.133645604045662e-6,-1.1045363046179145e-5,-7.778832215493259e-6
9,indpro_lag1,-2.7584167952468114e-5,6.508626741890778e-6,-3.651006257561041e-5,-1.7545769058845404e-5,-3.265132643024003e-5,-2.1840704436670604e-5
9,t10y3m_lag1,-1.7134426742205892e-5,7.37279706344717e-5,-0.00012074261404907091,8.237941029644442e-5,-7.904567157321558e-5,4.895774178577095e-5
9,age_mean,1.4788240002072257e-5,2.3360258130399397e-5,-7.318625893527192e-6,4.3548066050456754e-5,-3.2702371299138265e-7,3.199516128296842e-5
9,female_share,0.0030194368660585356,0.0005663350704941399,0.0023940106931976575,0.0037449189787379412,0.002637809761402629,0.0034403409342930865
10,shock_g1,-2.5741075419275906e-5,0.00020010610452959944,-0.00030663368605411836,0.00020013214538001388,-0.00018824256801801747,0.0001237239660883197
10,shock_g2,-0.00013287208070791344,0.0001516027114075176,-0.000312502632205712,5.0545872276762415e-5,-0.00025400288816815054,-1.9750482135658836e-5
10,shock_g3,0.00028440390954762956,0.00014033773439805315,-2.3705635623186847e-5,0.000652688702687961,0.00013650441328132314,0.0004790825393426491
10,shock_g4,3.873173707838895e-5,0.00014543577247617975,-0.00016735516547732626,0.00021417221030479565,-8.22474157239786e-5,0.0001357500699736898
10,shock_g5,-9.05153352269181e-5,8.575453163767188e-5,-0.00019369790729877338,2.3700664391383415e-5,-0.0001494054009943469,-2.371828055072998e-5
10,shock_g8,-3.1769292664109297e-5,0.0001230278244617503,-0.00017705338167442285,0.00013839936565406062,-0.00011741615586841205,5.3034528663568117e-5
10,shock_g9,-0.00016362906521358232,0.00014917146608291887,-0.0003383398728483059,2.4377553333615758e-5,-0.000271235688879682,-4.3679619777703524e-5
10,shock_lag1,-3.093835889454609e-5,5.2256447790214857e-5,-0.00010567255343109758,3.275442904027407e-5,-7.723299667861431e-5,3.3175479862149196e-6
10,ylag1,0.6293961976371876,0.04165056759153579,0.587480534291605,0.6752487858690224,0.6034874992634122,0.658283169568368
10,log_oil_lag1,-4.394114637452723e-6,0.00010572265767820666,-0.0001449822379408721,0.00016287935546400046,-9.833439560198297e-5,8.405568675817745e-5
10,ffr_lag1,1.5821595963326042e-5,4.9509609845369675e-5,-6.009057217611345e-5,8.855399288173864e-5,-2.7330504167669782e-5,6.0388432473666374e-5
10,cpi_lag1,-9.228003178858375e-6,2.249423204694425e-6,-1.2783658217449368e-5,-5.742060717346128e-6,-1.1016448129790738e-5,-7.1648647399885975e-6
10,indpro_lag1,-2.7571186206267257e-5,6.649191767233598e-6,-3.598925561334726e-5,-1.6912129021521585e-5,-3.249826169354764e-5,-2.132817831937434e-5
10,t10y3m_lag1,-1.0856425272888234e-5,7.227143791373629e-5,-0.00011147392569817998,0.00010068168604905668,-7.141152145080442e-5,5.3519752712497306e-5
10,age_mean,8.932881529582268e-6,1.956604303561219e-5,-1.4949932458818757e-5,3.528822902661631e-5,-6.359217006326025e-6,2.278465563298599e-5
10,female_share,0.0032098646394537185,0.0005053599446975842,0.0025515355911666236,0.00389468788921779,0.0028363228551388543,0.003577795259296323
11,shock_g1,6.827843501433647e-5,0.00018417757941337654,-0.00018102209661700322,0.00026463177627362967,-6.361194031986888e-5,0.00018807743788019403
11,shock_g2,5.778088654489521e-5,0.00012058752609008685,-8.021115312348441e-5,0.0002212515708513529,-2.4127946739911566e-5,0.00015811514381044097
11,shock_g3,0.0002725918326602976,8.376376633609077e-5,9.30345735216943e-6,0.00042802995523752007,0.00015004378719407868,0.00035180084953869047
11,shock_g4,-5.800833316346525e-5,0.00014005973553608337,-0.00022332382769323634,0.0001245021992699485,-0.00015434813985442706,4.021530746459788e-5
11,shock_g5,9.192789706267543e-5,9.508465115855758e-5,-1.7657696061815076e-5,0.00021393896042207924,2.6055696644752837e-5,0.000167788688001322
11,shock_g8,-5.229912670053835e-5,9.90921375667573e-5,-0.00017751016188462222,6.461450787398765e-5,-0.00012863432695581732,1.7437447346776283e-5
11,shock_g9,-0.0001433601313667112,0.0001307651792820359,-0.0003123611465074028,3.509715023249682e-5,-0.00025242499498978073,-3.135475573631162e-5
11,shock_lag1,2.27881263681757e-5,5.192456674200371e-5,-5.461182865724983e-5,9.57857713711852e-5,-2.027839616304062e-5,6.776876848259176e-5
11,ylag1,0.6859835538977774,0.03130097130165701,0.6519107337924851,0.722379982080861,0.6663708863506779,0.708598389889434
11,log_oil_lag1,-5.2912865347206236e-6,0.00011137438227586364,-0.0001733710313657139,0.00015872321952585793,-0.00010416394008052293,8.838507196209285e-5
11,ffr_lag1,-2.9436439139871867e-5,4.50687541031565e-5,-9.16502547556595e-5,4.1411330562010165e-5,-6.872059439757911e-5,1.0958334156006643e-5
11,cpi_lag1,-8.993314337440061e-6,2.250950572072358e-6,-1.2522913248828243e-5,-5.452356103972652e-6,-1.0915226221092382e-5,-6.7670136208996325e-6
11,indpro_lag1,-2.6363531381973666e-5,6.6706797317834544e-6,-3.554302165540841e-5,-1.6188601882815277e-5,-3.12262184849877e-5,-2.032095638359688e-5
11,t10y3m_lag1,-6.448301521801157e-5,7.087583656788028e-5,-0.00015949201788497357,4.267543635460956e-5,-0.00012526946207055205,2.095980895471482e-6
11,age_mean,2.6343800742160507e-5,1.7002234659350376e-5,6.327777629767903e-6,4.670868291334888e-5,1.2446581756145184e-5,3.9716523510765266e-5
11,female_share,0.0031050750491441294,0.0004961992279706271,0.002460213627738178,0.0037197724399049116,0.0027362869263933315,0.003462616780877238
12,shock_g1,0.00017285264579855486,0.00021014627080795975,-0.00010323748192556011,0.00042830895777538897,1.9434466210118664e-6,0.0003297325536724999
12,shock_g2,0.00017248539802144317,0.00013210015294335314,1.9934982404241414e-5,0.00033153474651338174,8.300426970481684e-5,0.0002609370848594653
12,shock_g3,2.8151990926492464e-5,0.0002702593921748518,-0.0009750918448759016,0.0008526124520374613,-0.0005909486967691359,0.0003737897015896716
12,shock_g4,0.00015202104883862817,0.00014573388569582554,-3.293904144313295e-5,0.0003590538630096099,4.322061929767451e-5,0.0002738650273651125
12,shock_g5,9.413038744778799e-5,7.917767780361158e-5,-2.0144444371852726e-5,0.0001887713454610311,2.6784095620580782e-5,0.00015455834418462387
12,shock_g8,-0.00010181080476925852,0.00011393315236312027,-0.00023534319621194074,3.3698341431753436e-5,-0.0001855817003609217,-1.3279973877049689e-5
12,shock_g9,-0.00014162534778839583,0.00015756708134366095,-0.00032332574104540284,6.327820940193926e-5,-0.0002577733670542506,-6.095861203983386e-6
12,shock_lag1,5.8495672743840204e-5,5.146244578795409e-5,-1.1893010922479199e-5,0.00011939466142823826,1.4475967971878012e-5,9.498723541267998e-5
12,ylag1,0.6165518091149047,0.03741070031572752,0.576414358546211,0.6582663619210735,0.5940848372846305,0.640798631463276
12,log_oil_lag1,-0.00010232491629559674,0.00011253392040641284,-0.00026408053757095463,4.860397227952117e-5,-0.0001977915760039424,-9.912166481862932e-6
12,ffr_lag1,5.044568925183191e-6,5.3065838361153144e-5,-6.70700713827649e-5,7.821522670899878e-5,-3.7576199021024264e-5,5.0669390516381506e-5
12,cpi_lag1,-1.0444693504018318e-5,2.3554199585224496e-6,-1.3868874040883513e-5,-6.616466571802931e-6,-1.2259308704799329e-5,-8.303148143280515e-6
12,indpro_lag1,-3.264378561051272e-5,6.616771769283189e-6,-4.12192914424185e-5,-2.1977872917971867e-5,-3.747123359684362e-5,-2.6108256123082353e-5
12,t10y3m_lag1,-3.3547292939697696e-5,8.333865468110545e-5,-0.00013294288872028298,8.550660113471935e-5,-9.614388228184336e-5,3.7627973736607036e-5
12,age_mean,8.675784692776457e-5,1.9880978978118267e-5,6.0088137541097e-5,0.00010873243342222563,7.068387538497996e-5,0.00010134898567354167
12,female_share,0.0029421926217153616,0.0005674284822489296,0.002247310615802713,0.003537061609177446,0.002510191915482533,0.003303788368537867
13,shock_g1,0.00022383223777128417,0.00017379250416364804,-2.5419763025720917e-5,0.0004711540002510353,8.614677408423443e-5,0.00037263118102897583
13,shock_g2,-7.571238184314041e-5,0.0001264563060528195,-0.0002397978412069778,7.415645729614813e-5,-0.0001789153539981145,1.6551354637937246e-5
13,shock_g3,-8.020484151612803e-5,0.0002630894021797593,-0.0006185437679930909,0.0007827241842126642,-0.00038979516376843573,0.00037429015861717766
13,shock_g4,-5.0509940764269505e-5,0.00010558985399252566,-0.00017980021367708103,7.926700563407014e-5,-0.00012939529545693453,3.1426148240622394e-5
13,shock_g5,-5.757095534634929e-6,0.0001052897102819477,-0.00012561895852821343,0.0001340070932879624,-7.36297025992351e-5,7.346171512523605e-5
13,shock_g8,3.705035748975646e-5,0.00013125714558276957,-0.00011463914677823708,0.00019173636440342684,-5.9183035546365526e-5,0.00013758079731415453
13,shock_g9,0.0002693741279595945,0.0001412159749097104,8.642031696131416e-5,0.00044960847523102044,0.0001585724718427224,0.0003749121895884291
13,shock_lag1,4.1584446606443164e-6,6.90902737250136e-5,-8.400796729171297e-5,8.93974706527965e-5,-4.397007712739045e-5,5.8665029639704335e-5
13,ylag1,0.6099275990259019,0.041367825581274206,0.5689896118643348,0.6575966958919645,0.5851629084214917,0.6372135562088775
13,log_oil_lag1,-7.627361260119222e-5,0.0001197827598564616,-0.00026493205965542367,8.211667100019753e-5,-0.00017662725518906405,1.4540097019480862e-5
13,ffr_lag1,-2.0917663249462885e-5,5.4148488769209605e-5,-9.881470552611867e-5,5.770965575159392e-5,-6.619448037621221e-5,2.6803506572145645e-5
13,cpi_lag1,-1.0796920156195418e-5,2.574875494713781e-6,-1.473294938848065e-5,-6.788653595059489e-6,-1.293159894666248e-5,-8.455396870022348e-6
13,indpro_lag1,-3.0347720430698204e-5,6.839664878897961e-6,-3.887758475829207e-5,-1.968305306893119e-5,-3.552474073825448e-5,-2.401355723194734e-5
13,t10y3m_lag1,-5.5657775702614723e-5,8.863614597209704e-5,-0.00017363131461498328,8.669924369968454e-5,-0.00012714218375962312,2.6576864696467726e-5
13,age_mean,3.379373435675976e-5,2.35267604956632e-5,4.039924982566175e-6,5.869755501661108e-5,1.6016632128006088e-5,4.869078439390187e-5
13,female_share,0.003246856300191683,0.000495766905750782,0.0026819318490236468,0.0038276404225401207,0.0029129584604877224,0.0036370941412784646
14,shock_g1,1.934168573536408e-5,0.000248132202877711,-0.00028660998830682256,0.0003809793716265761,-0.00016642761150857863,0.00023135716606925016
14,shock_g2,-2.1857433210008198e-5,0.00015405741994223317,-0.00021125817301588282,0.0001587354892679411,-0.00013279354052768622,8.986543359662765e-5
14,shock_g3,5.1792212855023485e-6,0.00016284177651597857,-0.00033140628226539494,0.0004363853521949374,-0.00015402321412023474,0.00017864691637769865
14,shock_g4,9.338336364180169e-5,0.00013374362532263983,-6.846646247722197e-5,0.0002547266052200977,3.3636068998005037e-6,0.0001847049517440686
14,shock_g5,-5.356578979383908e-5,8.637356219190705e-5,-0.00017097069008957533,5.212978831260196e-5,-0.00011208969291743497,1.8004191877801807e-5
14,shock_g8,0.0001154078055161349,0.00010381227213443027,-2.136079310637227e-5,0.00024209186185429808,3.1564349435817126e-5,0.0001858924408880054
14,shock_g9,-1.763455955339417e-6,0.00019476685804679136,-0.00024173155709193237,0.0002484597630922612,-0.00012589763536428048,0.00014693003569519916
14,shock_lag1,1.1228290684812463e-5,4.809527370264569e-5,-5.774445057640679e-5,7.420684061949193e-5,-3.1268995842392685e-5,5.164190541709697e-5
14,ylag1,0.622965817038128,0.0378173673345196,0.5847005228186795,0.6615747513312491,0.5982289363540613,0.6462804877661117
14,log_oil_lag1,-9.393118866978869e-5,0.00012178376397559132,-0.0002852164686765073,6.73974515095021e-5,-0.00018855330065072079,-1.710515145024737e-6
14,ffr_lag1,-2.4678564446887162e-5,5.489493062302846e-5,-9.992384082718125e-5,5.108932036678476e-5,-7.065241515058843e-5,2.061792634025916e-5
14,cpi_lag1,-9.703928456604298e-6,2.428776043905281e-6,-1.281343657981268e-5,-5.9074912926945864e-6,-1.1744721291280494e-5,-7.3839368125249e-6
14,indpro_lag1,-3.006930377971703e-5,6.669692920487212e-6,-3.891414412842369e-5,-1.8568601561912204e-5,-3.5329584389710214e-5,-2.3263303025067472e-5
14,t10y3m_lag1,-5.2230712107985283e-5,9.050354458221968e-5,-0.0001782922125024471,8.031942725311203e-5,-0.00012572962661760838,3.24826231597556e-5
14,age_mean,2.916123695259611e-5,2.2588835511134936e-5,3.2241405462871616e-7,5.441452530796638e-5,1.1327012511141423e-5,4.423366712727974e-5
14,female_share,0.002460366363010718,0.0005585213011457378,0.0018560292719875383,0.0032494882478040035,0.002088677914182364,0.0029113237210270275
15,shock_g1,-3.9917128885209496e-5,0.00016217791277068727,-0.00023238476767090875,0.00018505961272164903,-0.00015372340214496683,9.486344840081248e-5
15,shock_g2,5.822161757210167e-5,0.00015471978528413616,-0.0001339121792827364,0.00025356589476216294,-6.134463550832469e-5,0.00016968100074933
15,shock_g3,-1.4558386301578796e-5,0.0006023725450343104,-0.0030307621537779108,0.0015636197051409086,-0.0013466818711345625,0.0008553169369656332
15,shock_g4,-8.508887067427521e-5,0.00011984101687928168,-0.00024279662647952666,5.250521380020097e-5,-0.00018894102464281866,2.7447658849297896e-6
15,shock_g5,0.00010906086731595659,9.412787851602042e-5,-5.5328103416644846e-6,0.00023513486346052404,4.244255150642779e-5,0.00017579747562392268
15,shock_g8,0.00011634715434080953,0.0001149411035153215,-1.9505918056162013e-5,0.0002633224552959428,3.5045557973401695e-5,0.00021015379105871114
15,shock_g9,-6.155438944101165e-5,0.00015614699423443284,-0.00023625645420725984,0.0001456749212185876,-0.00016894643181473675,6.528688992059879e-5
15,shock_lag1,3.481831188407819e-5,6.10486984020631e-5,-3.9353428115503634e-5,0.00011132393419688273,-6.529375323724267e-6,8.113951646315645e-5
15,ylag1,0.6141642207856384,0.03952782853814058,0.573438250487861,0.6585859799261025,0.591162268938968,0.6405189500063098
15,log_oil_lag1,-0.00011041047299069274,0.00012992939845759988,-0.00032773290277982405,6.33583145609727e-5,-0.0002316114081589313,-3.8920562205587355e-6
15,ffr_lag1,-5.397497774256515e-5,5.729020177231563e-5,-0.00012665136835752445,3.3703566279927225e-5,-9.63515017081567e-5,-1.971330145576681e-6
15,cpi_lag1,-1.060251272092435e-5,2.4548628114114622e-6,-1.4172019414501991e-5,-6.610376018782264e-6,-1.2780002171490004e-5,-8.19836159897881e-6
15,indpro_lag1,-3.3584781085443566e-5,7.2896643337064974e-6,-4.2651887534308256e-5,-2.146616288925455e-5,-3.953210081059336e-5,-2.645252029471227e-5
15,t10y3m_lag1,-0.00010089860699007835,9.695099924691417e-5,-0.00022499099323929574,5.832916460165246e-5,-0.00017637239280769696,-9.895445375923274e-6
15,age_mean,4.055563307925943e-5,1.8579934576704104e-5,1.815201572302295e-5,6.261220258385223e-5,2.701994319903631e-5,5.5300804487454866e-5
15,female_share,0.002501717403101203,0.00046547144898511836,0.0019925460362968882,0.003040148428438723,0.0021737317423531272,0.0028778210580003125
16,shock_g1,0.0002042754910280212,0.0001367585941819085,1.088798228097499e-5,0.00041158003552404387,9.311001437734255e-5,0.0003181754974317769
16,shock_g2,-0.00011740694787327127,0.00014139145920117395,-0.0003184391029898311,7.348494245850267e-5,-0.00022705812181898327,8.310887844120794e-6
16,shock_g3,0.00040890203335406966,0.00038584914963126827,-0.0008899262036386996,0.0013821091995967097,-0.0003565207836213137,0.0008857319083486026
16,shock_g4,5.574759273005985e-5,0.00016102819377299146,-0.00014800933669067263,0.0002805147205797226,-6.13431908213403e-5,0.00018434533217687486
16,shock_g5,-4.095553864804302e-5,7.626885046438867e-5,-0.00013751689360928988,5.694862559009636e-5,-9.896664164078532e-5,1.979525934072182e-5
16,shock_g8,0.0001466404913428542,0.0001036938725155806,1.9724496618214965e-5,0.0002958302701899852,7.669341819130596e-5,0.0002308679704622218
16,shock_g9,7.320679737491793e-6,0.00014799657864510873,-0.0001600351254345279,0.00018982845185537445,-0.00010127765070112017,0.00011139763214051598
16,shock_lag1,-1.894000731670847e-5,6.215123140690732e-5,-0.00010212917122336289,6.494556636415577e-5,-6.296400913158121e-5,3.522507400336248e-5
16,ylag1,0.6042926475003925,0.03848802229376207,0.5617649033191461,0.6485110943774987,0.5797848517176732,0.6299728244512701
16,log_oil_lag1,-8.611654967770326e-5,0.00013633098883974684,-0.000309931857630643,0.00010064042684363349,-0.0002165323112522484,2.85093050029215e-5
16,ffr_lag1,-6.281688157484932e-5,5.98667117085468e-5,-0.00014195587292424746,2.526880293619029e-5,-0.00011260362836267406,-1.0284039023193502e-5
16,cpi_lag1,-1.1037119346259396e-5,2.48153935061591e-6,-1.4763185510904875e-5,-7.3154497455424355e-6,-1.3049859519587035e-5,-8.822265280538814e-6
16,indpro_lag1,-3.490455372455516e-5,7.535718313713798e-6,-4.4974655874718536e-5,-2.168792513596573e-5,-4.11746983870263e-5,-2.7541016127976734e-5
16,t10y3m_lag1,-0.00011866700263934779,0.00010310375900611105,-0.000252263426297172,4.237705340634954e-5,-0.00019896835895969508,-1.9442653586992952e-5
16,age_mean,3.193243345343229e-5,2.1887418904118637e-5,7.911996737902819e-6,6.113424802279017e-5,1.6508261831388448e-5,4.786527234089894e-5
16,female_share,0.0025651942107730035,0.0006185630926666493,0.0018176155952355686,0.003270278301431213,0.0021040751135824667,0.003000600310608211
17,shock_g1,-6.36167867654371e-5,0.00017994892062188125,-0.00027585699558076843,0.00016326358154062287,-0.00018635685088039115,6.684734742677748e-5
17,shock_g2,2.726204869591281e-5,0.00011420562601494867,-0.00011641977949809839,0.00016977972872356703,-5.4302622884027895e-5,0.00011576378982729205
17,shock_g3,0.0005061955566325678,0.00021195544420389754,3.794811131407303e-5,0.0009979963300346295,0.00022934583669031116,0.0007698324544738694
17,shock_g4,6.705585134067393e-5,0.00011693233535490403,-0.00010174867328348596,0.0002093443125211311,-3.009091679777621e-5,0.00015004471534091812
17,shock_g5,2.51152587365802e-5,7.688204889538385e-5,-6.808120982417911e-5,0.00012597933356230714,-2.9958503059524742e-5,8.964340285508169e-5
17,shock_g8,2.7782144493840425e-5,0.000112301821970361,-0.00010903199232740886,0.00018687850856587834,-5.3616830968158754e-5,0.00012007526424235325
17,shock_g9,-1.1623779157506301e-5,0.00013256010858867705,-0.0001762084971804125,0.0001637999569086875,-0.00010561916662920667,0.00010499999153925144
17,shock_lag1,-2.2691340047918975e-5,6.11749279015451e-5,-0.00010915112602983446,5.341983401045591e-5,-6.973873349401797e-5,2.1186314886447883e-5
17,ylag1,0.5964689972721526,0.03990505162931007,0.5557250376249231,0.6444522476117797,0.5711780605634067,0.6267033573235479
17,log_oil_lag1,-6.0929035641948356e-5,0.00013398452333743784,-0.00027009950945929803,0.00012642040306482468,-0.00018356301781125486,5.1541158194601644e-5
17,ffr_lag1,-5.002418404994108e-5,5.701530624891828e-5,-0.00013306612799469965,2.6843868265121205e-5,-0.0001006874984940234,-4.343243037444095e-6
17,cpi_lag1,-1.0649777206658326e-5,2.248839178603917e-6,-1.4117042062644662e-5,-7.534945975138481e-6,-1.2651354294543122e-5,-8.603507151159634e-6
17,indpro_lag1,-3.451342652292074e-5,7.5835517682705754e-6,-4.438019458157952e-5,-2.3077453825569226e-5,-4.070230704194226e-5,-2.7729331259775275e-5
17,t10y3m_lag1,-9.574935687548117e-5,0.00010108866609113862,-0.0002497455336980708,4.450247454487032e-5,-0.00017942753740452907,-1.027710695338908e-5
17,age_mean,1.7728526909133296e-5,1.8113249449191257e-5,-5.1238160337300585e-6,4.28494525350426e-5,3.70429890727067e-6,3.100373307240224e-5
17,female_share,0.0028311133108963943,0.0006962901194305195,0.0020811061954338727,0.00362458268101016,0.0023845296094459198,0.0032485878510205807
18,shock_g1,-0.0002469411114582034,0.00020199516837094298,-0.0005215738210881324,9.848590196172063e-6,-0.00040519869818436856,-8.238778655085422e-5
18,shock_g2,0.00010524139111240192,0.00016729423366520507,-8.574484852512646e-5,0.0003231446047156207,-1.2879931666695896e-5,0.0002333222034707389
18,shock_g3,0.0001929534376437439,0.00011141888303671743,-0.00011065465514697523,0.0008423309466567592,6.93895957441986e-5,0.0003549979807221435
18,shock_g4,0.00010791955814689176,0.00013978026543171084,-6.339468281296788e-5,0.0002734226859571585,5.5177548235517344e-6,0.0002182074992628404
18,shock_g5,8.065669735521068e-5,9.984678637027477e-5,-5.217904658450385e-5,0.00021550598145126073,2.572089217814887e-6,0.0001629399071526861
18,shock_g8,0.00016010923130089168,0.000131230609431363,-3.2924767458028645e-5,0.00033415506892523796,6.69563140282272e-5,0.0002580847161793153
18,shock_g9,-0.00013858016969849337,0.00014798131411521771,-0.00031108384182208305,4.846845821766436e-5,-0.0002450251907437996,-3.564615696318964e-5
18,shock_lag1,-3.657447606562758e-6,5.753381610657512e-5,-8.113155202797855e-5,6.570350594500027e-5,-5.10087102350573e-5,3.601044878092322e-5
18,ylag1,0.5888959456039279,0.04230030260939138,0.5476756134089076,0.6380549543821482,0.5623896552114771,0.6169562611293155
18,log_oil_lag1,-1.4284809742799184e-5,0.00013665027807065135,-0.00022788548661745097,0.0001604619811800888,-0.00014335218866584837,0.00010004515855075524
18,ffr_lag1,-7.913729185500129e-5,5.779682860533088e-5,-0.00015207534990113226,4.351319672190519e-6,-0.0001225085311358377,-2.812652183568835e-5
18,cpi_lag1,-1.1807669087358195e-5,2.5211351111987036e-6,-1.4934273229546188e-5,-8.15550713642219e-6,-1.3820945028760234e-5,-9.500433326928102e-6
18,indpro_lag1,-3.617295414217521e-5,7.457925402793798e-6,-4.623122699219254e-5,-2.4402644271045864e-5,-4.1894768355283155e-5,-2.8923716062151204e-5
18,t10y3m_lag1,-0.00013956328840458178,0.00010250005915433445,-0.0002850961178473023,9.36652314525733e-6,-0.0002124263577032896,-4.748120545500453e-5
18,age_mean,1.9870383120628954e-6,2.0598966597016486e-5,-2.343596700222329e-5,2.736166890545382e-5,-1.2958902293134526e-5,1.6908137064560173e-5
18,female_share,0.0026621398186426467,0.0005031929070118508,0.0019664917952989924,0.003251828397833656,0.0022521214640212404,0.0030602453536140908
19,shock_g1,0.0002205919733634542,0.00013790437863785469,5.102476329965939e-5,0.00038611142140381155,0.00010678465013971801,0.0003153045743797031
19,shock_g2,-5.0282305958818425e-5,0.0001975336912583935,-0.0002921222178905524,0.00017615854499593514,-0.0001915911171765191,8.961152070426327e-5
19,shock_g3,0.0005697583340080975,0.0003886342573761685,-0.002371772673665439,0.0016089363454148864,-0.000540233355800599,0.0010805340977734048
19,shock_g4,-9.68876249100773e-5,0.00015439729592578317,-0.00028896018540979515,0.0001398887034998845,-0.00022486711416272573,2.511291356971563e-5
19,shock_g5,-4.9434198177966735e-5,0.00010130255559468053,-0.00018397480397025007,9.278423008701162e-5,-0.0001229373161044462,2.4892991925048648e-5
19,shock_g8,0.00010998664316224354,0.0001083424538933312,-4.24663948077556e-5,0.00025114016932002275,3.128578225674001e-5,0.00019413155475499276
19,shock_g9,-8.79965137716774e-5,0.0001277163005700822,-0.00024309299107818725,6.23985149112082e-5,-0.0001737622563317864,2.6789688779478186e-6
19,shock_lag1,-1.961447538757783e-5,5.487514008537216e-5,-0.00010406929567624875,3.5815010826095115e-5,-6.598183769580072e-5,1.6353778106503818e-5
19,ylag1,0.5953776872213391,0.03547845140150748,0.5549715911905284,0.6335638397956757,0.5738285820862263,0.6186104394222957
19,log_oil_lag1,-5.459034071681308e-6,0.00014207979017824302,-0.00021946133014939538,0.00018745362899281884,-0.0001345679729926316,0.00011240599012566582
19,ffr_lag1,-9.295551239914546e-5,5.383154044285374e-5,-0.00016148199915663462,-1.295917478861412e-5,-0.00013286105609567597,-4.4069497983063674e-5
19,cpi_lag1,-1.2156221676323592e-5,2.166554782416405e-6,-1.523567517091037e-5,-9.016035785053753e-6,-1.4136106307518408e-5,-1.0208758334591036e-5
19,indpro_lag1,-3.650380818972335e-5,7.639774695187121e-6,-4.629691254416524e-5,-2.4083561234567473e-5,-4.179023969643298e-5,-2.8465850158199305e-5
19,t10y3m_lag1,-0.00016143562320958363,9.933554634116347e-5,-0.0003043562996158708,-1.4745170606470691e-5,-0.00023693541224235914,-6.902812116203871e-5
19,age_mean,1.4655675963580082e-5,1.782240440497877e-5,-7.992809643094741e-6,3.724043298300836e-5,1.2958488563095725e-6,2.7755336953916074e-5
19,female_share,0.0032423640437268283,0.0005432349244284558,0.002587089018835032,0.0038225255625907377,0.0028204981773296083,0.003604675011403861
20,shock_g1,-0.00014936415651542538,0.00020708176298045352,-0.0003802932100392234,0.00016032956022460256,-0.00029917535393418393,5.335301615368488e-5
20,shock_g2,5.082972338227361e-5,0.00015056279353158858,-0.0001334825535671381,0.0002630310978151659,-5.9588311624214225e-5,0.00016713059653535972
20,shock_g3,0.0004766681341639093,0.00017832283935138429,-0.0004189246960665588,0.0007886217565903752,0.00022837058573202125,0.0006593936297115259
20,shock_g4,0.00014116193285819187,0.00010865554463715708,-1.8600618240143506e-5,0.0002852334366717933,4.8398265296694206e-5,0.00023127720569149961
20,shock_g5,0.0001279042520725691,8.371742155879896e-5,2.095939693305397e-5,0.00024500671785995836,6.172953321026806e-5,0.00019726352737470086
20,shock_g8,7.569936047391351e-6,8.625789978790236e-5,-0.00011903981342418971,0.00010415039157014866,-5.867081769343895e-5,6.85706186129709e-5
20,shock_g9,-3.579743462491118e-5,0.00016534772464290158,-0.00022315473406307238,0.00018443809970639346,-0.00016229038260446582,7.970362821037443e-5
20,shock_lag1,-3.438559268837626e-5,5.620510723662407e-5,-0.0001032723485517182,3.38782960533357e-5,-7.282303105267835e-5,9.970547500126047e-6
20,ylag1,0.5750266624495769,0.04094921514892567,0.5258618469308786,0.6208186876813929,0.5475747098022529,0.6020974559366771
20,log_oil_lag1,-4.6055866138203293e-7,0.0001359505413240596,-0.00020483354895341606,0.00019389119873291434,-0.00012001588075881376,0.00011216144348712207
20,ffr_lag1,-9.678780318521528e-5,5.0052852523084456e-5,-0.00016414426453793343,-1.647352012031298e-5,-0.00013505425253649184,-5.3867170260409556e-5
20,cpi_lag1,-1.3399620677450323e-5,1.93852596094427e-6,-1.6014321777680205e-5,-1.060707391983289e-5,-1.4963951884887843e-5,-1.1636271103937666e-5
20,indpro_lag1,-3.962222056199411e-5,6.948602897046679e-6,-4.7666509922145986e-5,-2.8391599940216334e-5,-4.500835629560683e-5,-3.254367381442489e-5
20,t10y3m_lag1,-0.00017983680601878503,9.058644116966783e-5,-0.0003094433313198632,-4.074884828828099e-5,-0.0002550106595345699,-0.00010266764380205207
20,age_mean,3.534970643789991e-5,1.9953148753780232e-5,8.314857416076542e-6,5.96725167870741e-5,1.8066288852391004e-5,4.983958795208669e-5
20,female_share,0.0025939934567942146,0.0004935360979824375,0.0019971335095845663,0.0031962441404610885,0.002210113317019781,0.0029714604553316027
21,shock_g1,0.00019202573075406606,0.0001605372758120013,-1.58770864676183e-5,0.0003919820166205125,8.120910661399049e-5,0.00031600134852289484
21,shock_g2,-0.0003794133225219484,0.00013178737618789373,-0.0005401738816999056,-0.00021436215034564281,-0.0004749151443643766,-0.0002739208554689644
21,shock_g3,-9.87000944043385e-6,0.0005002797267500263,-0.001841020918057099,0.002963683777819766,-0.0005418406033153865,0.001765860399346734
21,shock_g4,0.00016519788409078383,0.0001474964521873502,-2.0541058031206555e-5,0.00035762192606343283,6.073591029825863e-5,0.00028494404806814465
21,shock_g5,7.791783543790781e-5,7.817312931556226e-5,-1.45848688477187e-5,0.00017038681723162928,2.6944713110775906e-5,0.00014310388962109289
21,shock_g8,5.855913926845316e-5,8.850785633530938e-5,-4.236919782979026e-5,0.00016199515618670973,-3.4937615143804934e-6,0.0001237960198099743
21,shock_g9,-3.160189899388174e-5,0.0001402259952691875,-0.00020316676222660362,0.00014757539018009908,-0.00013178520153641902,7.456666887205044e-5
21,shock_lag1,1.7140999633824032e-5,5.895104088489279e-5,-6.533204122924717e-5,9.449673323606962e-5,-3.2007212193367065e-5,6.402739300815934e-5
21,ylag1,0.5788848846249639,0.03975509521783825,0.5395281941408151,0.6183786300995601,0.5534910871869618,0.6028804645170284
21,log_oil_lag1,-4.38434591585505e-5,0.00012607857111147276,-0.00021832091891446897,0.00012862832030079483,-0.00014126542092440916,6.710134044523597e-5
21,ffr_lag1,-6.73164669684994e-5,5.212659256383064e-5,-0.00013501665519968667,5.9237577653490216e-6,-0.00011298811132513121,-2.5558830065375025e-5
21,cpi_lag1,-1.1595507156289666e-5,2.3333432614828235e-6,-1.4853793891972373e-5,-8.544452695928515e-6,-1.3475854170958774e-5,-9.78558551082895e-6
21,indpro_lag1,-3.548998303791133e-5,7.410863950371422e-6,-4.4160386598659055e-5,-2.5051462614292147e-5,-4.093796608210126e-5,-2.911470627826174e-5
21,t10y3m_lag1,-0.0001198086714008324,8.957398950434541e-5,-0.00024525960306659797,2.985017656940606e-7,-0.0001952560303046445,-4.5609876212841436e-5
21,age_mean,1.6475407280146492e-5,2.0960737884901458e-5,-1.0673493429283683e-5,3.9339830063774115e-5,-2.8065070190374383e-7,3.0941897738298624e-5
21,female_share,0.0025053688309963178,0.0005661658873368123,0.0018127225403830449,0.003246502848842148,0.0020649813802769167,0.002949637656480364
22,shock_g1,-1.289883289294482e-5,0.00019345163972234208,-0.00024393870448110165,0.00027889998102066085,-0.00016099098977235965,0.00016299724630320766
22,shock_g2,0.00016844445931484933,0.00015788333023333232,-2.8963922627054007e-5,0.00037178770847607956,4.842688403476069e-5,0.000285223101838665
22,shock_g3,0.0005451429589485033,0.00015823670006338708,0.000111409321368927,0.0008948301414866532,0.0002889716200786933,0.0007328014959970736
22,shock_g4,1.946425504313474e-5,0.0001307166853862435,-0.00013072268279995332,0.00020396511360807785,-7.396310721208541e-5,0.00012595523248192303
22,shock_g5,-2.5523607691040832e-5,9.506809062493257e-5,-0.0001465269295842613,9.422601048786565e-5,-0.00010123713101812089,4.3684931318921434e-5
22,shock_g8,0.00018802583425817025,0.00010751085660617306,5.796229703295566e-5,0.00032278014658859114,0.000109764544612062,0.00026628062176821713
22,shock_g9,-8.79094789866301e-5,0.0001445946364361067,-0.0002894569902650788,9.313720532969743e-5,-0.0002043373087342818,3.1463518489296236e-5
22,shock_lag1,5.368488151588957e-5,5.794569435737598e-5,-2.742178239601114e-5,0.00012140463473745572,8.455931056032591e-6,9.423458648833143e-5
22,ylag1,0.5835808045958102,0.03979590742148748,0.5440948018860207,0.623415801884819,0.5568244091599346,0.6089872630414342
22,log_oil_lag1,-9.895613899496761e-5,0.0001307134695066026,-0.0002701922174756129,7.39341216320861e-5,-0.00019997083567657522,8.345265602569536e-6
22,ffr_lag1,-4.675109121385073e-5,4.919191289808244e-5,-0.00011430905235204061,1.5961960603235897e-5,-8.414477315873753e-5,-8.871317301120969e-6
22,cpi_lag1,-1.0296528867506625e-5,2.2103819153729145e-6,-1.3185576328870376e-5,-7.292699752837295e-6,-1.2055459516299986e-5,-8.60040314013865e-6
22,indpro_lag1,-3.571126455343565e-5,6.9855538054604875e-6,-4.407104924656326e-5,-2.6082949092835287e-5,-4.08156983619993e-5,-2.9686229952539466e-5
22,t10y3m_lag1,-9.622944594591739e-5,8.189959667620048e-5,-0.00021289567546828314,8.235785102261446e-6,-0.00016185796656063744,-3.3613358692143565e-5
22,age_mean,4.006857751874898e-5,1.8098491968835843e-5,1.566263198706011e-5,6.407901228098593e-5,2.485124721548104e-5,5.4671912144968964e-5
22,female_share,0.0022738899210669812,0.0005480165480147835,0.0016173447154385384,0.002923150580753004,0.0018878832929739634,0.0026758794341880166
23,shock_g1,0.00023431608622232194,0.00018739669183822274,-1.6567319128992403e-5,0.000470890655319022,8.812178065702099e-5,0.00037212362768476357
23,shock_g2,-7.092147502366677e-5,0.00012926891532522798,-0.00022613327910619657,0.00010483160519122537,-0.00016994224683883889,4.109474899593137e-5
23,shock_g3,0.0005944421551747808,0.00022355228518228506,0.0002493652478320093,0.0010127807382114204,0.00039624983296181464,0.000843450732829292
23,shock_g4,3.674632390570144e-5,0.00014117397177847648,-0.00013822676490644434,0.00020498834780675467,-5.95039892461946e-5,0.0001416368967311393
23,shock_g5,1.3142575154419505e-5,9.546225356256126e-5,-0.00010887818425970401,0.0001286356298087397,-5.48824490311416e-5,8.642339477619769e-5
23,shock_g8,0.0002361809596504957,0.0001278900527164996,6.487661215350717e-5,0.0004000892673779408,0.00013290818435969927,0.0003299647239196709
23,shock_g9,-6.27994966451862e-6,0.00017110694535990616,-0.00019903801250643977,0.00021726345913656726,-0.00013419811661083197,0.00011529046928988916
23,shock_lag1,-3.298127192078119e-5,5.6335304324599905e-5,-0.00010715726550996986,3.411804298611729e-5,-7.778668787739842e-5,7.194755384245612e-6
23,ylag1,0.5631313562670245,0.03862061727221301,0.5262120227893544,0.6017272210510152,0.54168532230673,0.5874799282710509
23,log_oil_lag1,-0.00011356688615559872,0.00011947650648881059,-0.0002686647532344796,4.443255003907617e-5,-0.0002120362879242015,-1.5596936405346307e-5
23,ffr_lag1,-5.847067006031147e-5,4.84395623070549e-5,-0.0001243456916716185,5.126304921079879e-6,-9.848096231603783e-5,-2.1900359304317246e-5
23,cpi_lag1,-1.1362736182617687e-5,2.075337803476888e-6,-1.4078391467823853e-5,-8.607353649400003e-6,-1.2961173892089879e-5,-9.627161905602763e-6
23,indpro_lag1,-3.9522857419545234e-5,7.078029209203437e-6,-4.785739147656288e-5,-2.9674808631045093e-5,-4.489144619105126e-5,-3.344374766781277e-5
23,t10y3m_lag1,-0.0001181709720712742,8.162120668922823e-5,-0.00023688481588102298,-1.0431388875728625e-5,-0.0001891010263669084,-5.500511944180777e-5
23,age_mean,6.555069099880923e-5,1.9432227378223834e-5,4.0971731072773836e-5,8.965508422907159e-5,5.1050416940617835e-5,8.057761214411465e-5
23,female_share,0.0030363128621353247,0.0005837287093635253,0.0024815447828263875,0.0037697207881095306,0.0026839881077641895,0.0034928350175130645
24,shock_g1,0.0001420605980998016,0.00018798794423407404,-0.00010913066182618479,0.0003370592273197696,-2.3867715285413047e-5,0.00026525525044851484
24,shock_g2,0.00012680622542292908,0.00017609578629557916,-7.583329958409213e-5,0.0003568784996967492,-7.216220490010276e-6,0.00026312323913597126
24,shock_g3,1.0049796070047111e-5,0.0001837726267423021,-0.0003164828846573333,0.0010205455497530422,-0.0001854862615921893,0.00028065700633474297
24,shock_g4,-0.0001204948038802894,0.00014498786957701035,-0.0003042798413752214,6.626520913041735e-5,-0.00023276139394295254,-1.200536186899975e-5
24,shock_g5,-1.8749315955783258e-5,9.90069395197994e-5,-0.00012876523428575787,9.553194307315332e-5,-8.295157470238728e-5,6.0900585244350354e-5
24,shock_g8,-0.00010052337062921051,0.00011429499153180256,-0.00023262057722962093,4.164290943591051e-5,-0.00017647268764293118,-1.5114512059588841e-5
24,shock_g9,-0.00012135637536465531,0.00013810821491226654,-0.0002788204850405479,7.092440331602476e-5,-0.00022177335000404965,-1.867085713420409e-5
24,shock_lag1,-4.4277855829471707e-5,5.079817874224513e-5,-0.00010275809297121766,1.5661161573808293e-5,-8.346920606746954e-5,-4.939447595224537e-6
24,ylag1,0.5822990356628155,0.03663156150772222,0.5451770531769802,0.6213265309190446,0.5624877861473515,0.6055755983063628
24,log_oil_lag1,-7.149551857692335e-5,0.00011669960495531844,-0.00023720937519940139,9.414949251990108e-5,-0.00016100498573868975,3.035510270626079e-5
24,ffr_lag1,-4.9315665809269315e-5,5.403982959217309e-5,-0.0001340721470132863,2.07699451516478e-5,-9.822379680756674e-5,-6.085767584254255e-6
24,cpi_lag1,-9.492244407402191e-6,2.508183136492624e-6,-1.3573604942694738e-5,-5.964760968928003e-6,-1.1782968132390106e-5,-7.314315625714263e-6
24,indpro_lag1,-3.4978334254543006e-5,7.165477033237035e-6,-4.393492043582479e-5,-2.5244126469033445e-5,-4.0189733748506755e-5,-2.9326676608776233e-5
24,t10y3m_lag1,-8.858876295889746e-5,8.675756456481927e-5,-0.00022687269735253737,3.1618084093076504e-5,-0.00016601532802556284,-1.72186854573775e-5
24,age_mean,2.063370119266133e-5,2.2862773174636598e-5,-8.13602505583791e-6,4.9991849865753275e-5,4.158936027435662e-6,3.964956503893002e-5
24,female_share,0.0027269486819053047,0.000535809997851597,0.00207354238091886,0.0033610519187711337,0.002329095138290109,0.0030859397593871398
25,shock_g1,-8.587305951397316e-5,0.00017756534655827535,-0.0002956151453389021,0.00017411362907560882,-0.0002089691078554281,7.103193133863671e-5
25,shock_g2,-5.0553540398703496e-5,0.00012889879072523332,-0.00021014569105316918,0.00012138183250210536,-0.00014452232053850344,5.956529743437441e-5
25,shock_g3,-0.00010024529319269185,0.00021162370079559148,-0.0005994400174981538,0.00047344979518080757,-0.0003207962811733685,0.00015650485647081047
25,shock_g4,-0.0002523616453053055,0.00016062462873388562,-0.00045256951046730677,-2.740754737136952e-5,-0.00036395080531859543,-0.00012380063897975965
25,shock_g5,-3.2425852290122363e-5,9.270009529220891e-5,-0.000133015858547239,8.781283831691748e-5,-9.019181233450216e-5,3.4124539977268086e-5
25,shock_g8,2.6905022596955595e-5,9.74711964295035e-5,-8.288799506278661e-5,0.0001539593531714538,-3.901700899207917e-5,0.00011061276850912377
25,shock_g9,0.0001356083016735813,0.00017322018245797248,-6.90665750043088e-5,0.0003552058307657568,9.889152274204083e-6,0.00026166438393849807
25,shock_lag1,1.0977270293667485e-5,5.352291009939463e-5,-6.36157881617104e-5,8.122100738270481e-5,-3.295764372813455e-5,5.5686171568174986e-5
25,ylag1,0.5665762483632535,0.040311978973305025,0.5304914450868483,0.6085626739465553,0.5439380491904933,0.5925101972511688
25,log_oil_lag1,-0.00010261934828872347,0.00011050821523213041,-0.00025696233354897995,4.811326965819949e-5,-0.00018777988130943386,-1.9038349052565012e-6
25,ffr_lag1,-2.0011821789499218e-5,5.8805599779530936e-5,-0.00011230218928387351,5.3723679064355156e-5,-7.399486537448909e-5,2.7607542801572822e-5
25,cpi_lag1,-8.279116888171195e-6,2.8704006229709247e-6,-1.2798716593270638e-5,-4.1872082831204845e-6,-1.0991121969882374e-5,-5.8728144605791955e-6
25,indpro_lag1,-3.347960254940414e-5,6.996591497115788e-6,-4.222104658260213e-5,-2.3808431286675975e-5,-3.877965902249863e-5,-2.8004862956740647e-5
25,t10y3m_lag1,-3.578251911854023e-5,8.812462059798461e-5,-0.00017569400386382202,7.917674448331517e-5,-0.00012337370528893937,3.3058640549581226e-5
25,age_mean,4.524800907720947e-6,1.836474301733457e-5,-2.2018935538774062e-5,2.9532547097338784e-5,-1.1787004909962401e-5,1.8489090757848237e-5
25,female_share,0.001922942205407535,0.0005292023572682849,0.0012289522824371615,0.002498711820886992,0.001466131646378604,0.0022849502842527646
26,shock_g1,-3.690691058044408e-5,0.00018234551295809407,-0.00025146056485885685,0.00019734460416661576,-0.00016893760308679207,8.980766553623825e-5
26,shock_g2,0.00015569349146108053,0.00017655368852808478,-4.105705895982663e-5,0.0003664970208382769,3.329769526629544e-5,0.0002833454977216605
26,shock_g3,0.0009379968805677925,0.00024137756098565596,-0.0001516234021906027,0.001465717880504977,0.0002574931325002879,0.0011992826936275554
26,shock_g4,0.00014442856958188073,0.00011308502484549969,-2.073476110246581e-5,0.00027034673409309456,4.4122828386334106e-5,0.0002253292826734418
26,shock_g5,3.800753057170891e-5,8.54920775139348e-5,-5.364914172730482e-5,0.00015097105473124348,-2.1599142969666733e-5,0.00010865689621085688
26,shock_g8,-3.285634072365362e-5,0.00014648466438810955,-0.00027735595960992523,0.00014464812420238372,-0.00016011927059579752,7.439011673362258e-5
26,shock_g9,1.184569217042625e-5,0.00018228309982659457,-0.00019098064214561258,0.00028771229814334424,-0.0001167317933716416,0.00015749804388229838
26,shock_lag1,1.5712255741972692e-5,5.845502036097439e-5,-6.656742853266632e-5,8.956625518476556e-5,-3.418782735243493e-5,6.459961736773043e-5
26,ylag1,0.5555510033600144,0.04120077417317026,0.5143321677244989,0.6016344200141108,0.5297463937798104,0.5812900328038896
26,log_oil_lag1,-7.194031288417165e-5,0.00010566260206242508,-0.00022033740587435965,7.736156245528835e-5,-0.00015263457593879586,1.6864533567406668e-5
26,ffr_lag1,-3.152680989217055e-5,6.25487793247958e-5,-0.00013407586428171398,4.6661698507875014e-5,-9.043748958291303e-5,1.558955166928735e-5
26,cpi_lag1,-9.099542801639672e-6,3.288605305792708e-6,-1.3993758107295793e-5,-4.4181827662739e-6,-1.2071645964148867e-5,-6.2739648165620104e-6
26,indpro_lag1,-3.396467047029511e-5,7.034935729713938e-6,-4.3263095409758865e-5,-2.4506690964948126e-5,-3.927085634248975e-5,-2.8458440028969124e-5
26,t10y3m_lag1,-5.844930241265871e-5,9.00173489395182e-5,-0.00020079127706486532,5.8486852243219635e-5,-0.00014317130939685678,1.1698465999053278e-5
26,age_mean,2.51802881310303e-7,2.256308683274262e-5,-3.138172141436109e-5,2.5376833955816014e-5,-1.9093341403329657e-5,1.4426034175279586e-5
26,female_share,0.0025968402192747724,0.000554428582406726,0.0019552077434189987,0.0032497717107551572,0.002171358952656144,0.0029494814270201084
27,shock_g1,8.540398024264878e-5,0.0001496709357451496,-0.00011711239575412191,0.0002744655892621964,-3.3890369521336994e-5,0.00020221787082954024
27,shock_g2,-0.00017442717502606496,0.00012989613677778675,-0.0003196565231754518,-2.6090604617703196e-5,-0.00026385079731261105,-8.780838996092616e-5
27,shock_g3,0.0002679774032459554,0.0002446422254649986,-0.0012181087813265647,0.0016189383063429077,-0.0009062831911180894,0.0009530680371150717
27,shock_g4,1.0753306118894097e-5,0.00014430825189567416,-0.00018616808339999707,0.00020347227483099618,-0.0001047062615293785,0.00012376829808309476
27,shock_g5,0.00013213498935617962,9.142503847808258e-5,2.1282684473833587e-5,0.00024041388730645387,6.005183229752872e-5,0.00019851399670755705
27,shock_g8,7.1984144375258e-5,0.00014001665672293758,-9.446135632368618e-5,0.00023910825921931276,-3.3146171223582605e-5,0.00016736750615850945
27,shock_g9,0.00014333250032925736,0.00013985173089375473,-2.9243212590224238e-5,0.00032431004762836226,3.341248734270581e-5,0.0002463806879906201
27,shock_lag1,-3.4759666053208955e-5,6.480557954698946e-5,-0.00010901077312749501,4.700075760445168e-5,-7.98790007093622e-5,1.4478489276803195e-5
27,ylag1,0.5569959135585714,0.03627756500618959,0.5198434132433376,0.5964138642961655,0.5340492030192496,0.5805216456059492
27,log_oil_lag1,-5.9382967883811884e-5,0.00010726390308307084,-0.00020195068903135354,8.705245600046192e-5,-0.000144499939219383,2.5054694284538966e-5
27,ffr_lag1,-2.467188123074138e-5,6.814780874416693e-5,-0.00012708779713404422,7.036163077066275e-5,-8.791109751294698e-5,2.6795799171112984e-5
27,cpi_lag1,-9.51438490287169e-6,3.3288365160697313e-6,-1.5051926290197633e-5,-4.6973590193931425e-6,-1.2735056846523448e-5,-6.5848722346952405e-6
27,indpro_lag1,-3.507432719029003e-5,7.069387858033549e-6,-4.5438466810196544e-5,-2.627512605938928e-5,-4.100314798963072e-5,-2.9358004924106613e-5
27,t10y3m_lag1,-5.2688526496157795e-5,9.18438983247773e-5,-0.00019491153675148146,8.061368433727508e-5,-0.00014037870674894596,2.013685694026606e-5
27,age_mean,2.7273413336087702e-5,2.023913511363517e-5,2.2498179724263053e-6,4.9044818735647665e-5,1.2633546728797191e-5,4.222219197823141e-5
27,female_share,0.002420551921918151,0.0006205474863124918,0.0016585756836743357,0.0031890672512423094,0.001994210215205974,0.0028765262182389524
28,shock_g1,0.00020499440704234778,0.00017329272449171146,-1.3958232258583654e-5,0.0004469478440190627,7.38448145215612e-5,0.0003517359743990462
28,shock_g2,-0.00021421806503358148,0.0001376402866764451,-0.00038291893577590197,-3.5083054092696864e-5,-0.0003085353520456522,-0.0001157443193603809
28,shock_g3,0.0008256428202411373,0.0005374472452532038,-0.0008562289342261907,0.003826612922308562,-0.00013886780333394232,0.002969201545493091
28,shock_g4,0.00015333307733256504,0.00018053891906620695,-4.3685665174690434e-5,0.0004729631151186702,3.634970931091785e-5,0.00033027457783626915
28,shock_g5,0.00011513838218173187,9.35750059411111e-5,2.279311255859326e-6,0.00023201349354551407,5.325162756678827e-5,0.00018041308251062781
28,shock_g8,-5.478625441250742e-5,0.00011276515348193091,-0.00019289275892896927,6.892765036392776e-5,-0.0001384730922664965,1.7891949061684732e-5
28,shock_g9,-0.00015444861836051636,0.000135571807141614,-0.00032691113629880784,-8.564438873374648e-6,-0.0002721181821853816,-6.48355410180052e-5
28,shock_lag1,4.604715995718288e-5,6.359319116138132e-5,-2.0803335790348703e-5,0.00013749914327274135,8.205005675384513e-7,0.0001002080233252048
28,ylag1,0.5563095902476641,0.0374692623291949,0.5165609210478109,0.5952990671862582,0.5346611834101666,0.5801295518915869
28,log_oil_lag1,-5.344640333163773e-5,0.00010890299729177575,-0.0001918678269690382,8.419205355052923e-5,-0.00013774222248328884,3.2250424827461944e-5
28,ffr_lag1,-4.3080411314218146e-5,7.122515051970097e-5,-0.00015277322643012295,5.252237092891857e-5,-0.00010957834519332458,1.730843329999329e-5
28,cpi_lag1,-1.0992562651188235e-5,3.3746061347336625e-6,-1.6300794573120133e-5,-5.857542173418972e-6,-1.4141979344138289e-5,-8.018245338529837e-6
28,indpro_lag1,-3.6123603017187466e-5,7.499765218143101e-6,-4.5993265022783956e-5,-2.5896673755160052e-5,-4.211575211427724e-5,-3.0119123122010634e-5
28,t10y3m_lag1,-8.591012308909803e-5,9.838458481866631e-5,-0.0002355295647441803,5.058505103412615e-5,-0.0001761897592926216,3.618563357088374e-7
28,age_mean,5.191002683915574e-5,1.9030704751220166e-5,2.8127046088029938e-5,7.401480902995642e-5,3.705465871977989e-5,6.592651758116627e-5
28,female_share,0.0022284846137644674,0.0005510860591668611,0.0016152070594664628,0.0028203023121292333,0.0018867286044097374,0.0025979522595058137
29,shock_g1,0.0002730749710020932,0.00016095377218616617,5.3087592261555664e-5,0.0004894311040366974,0.0001474990081821223,0.00039456244193525976
29,shock_g2,-0.00012873215577363,0.00012537792470094136,-0.00027242594600136944,4.3455248742331606e-5,-0.00022446780333747023,-3.268193495692356e-5
29,shock_g3,0.0002612718310807207,0.0005400207768711891,-0.0024230269803708388,0.0027024144834491086,-0.0008349143510080156,0.002035032527033773
29,shock_g4,3.738811916371914e-5,0.00012930044242939293,-0.00014300105223597154,0.00019598825818095846,-6.66331383321634e-5,0.00012639862129166493
29,shock_g5,3.4926381895296755e-5,9.440123097126446e-5,-6.830598828837578e-5,0.00017238332604711896,-2.773580928620037e-5,0.00011629003747077469
29,shock_g8,0.00020717224039935745,0.00010621798960195214,6.682762865697843e-5,0.0003319169632264011,0.0001408415509104293,0.00029251652773912686
29,shock_g9,-2.7984362877320588e-5,0.00013246470112292903,-0.00020642973032317048,0.00015233921044754677,-0.00014090313232576032,7.3216624077756e-5
29,shock_lag1,-5.427215979314481e-5,5.658859732855263e-5,-0.00012970879200162392,1.642805568113282e-5,-9.775707545457037e-5,-9.7149623933558e-6
29,ylag1,0.5581405147508094,0.03808840017707611,0.5197956015241098,0.5973458950701344,0.5336989732500499,0.5830911508373268
29,log_oil_lag1,2.46399130810648e-5,0.00010711123872214909,-0.00013053965791015693,0.00016525659555718545,-6.60390919890186e-5,0.0001104694917151328
29,ffr_lag1,-4.958815851977946e-5,7.386543862539769e-5,-0.00016684539386667335,5.038287277980165e-5,-0.00011787511819889537,1.3700812475421428e-5
29,cpi_lag1,-1.1468509841320359e-5,3.7026729993848284e-6,-1.683960918836298e-5,-6.002197253465146e-6,-1.4677381183255972e-5,-8.071017823055887e-6
29,indpro_lag1,-3.4848186656540135e-5,7.66407132031908e-6,-4.492884069193494e-5,-2.386807971686237e-5,-4.1604860087810404e-5,-2.7844755046439152e-5
29,t10y3m_lag1,-8.865193596880633e-5,0.0001032341415142909,-0.0002486566294443639,6.594829583779294e-5,-0.0001819826222111755,1.0108053267186064e-5
29,age_mean,2.7970169975531217e-5,1.9540947986078657e-5,2.7455625764356606e-6,5.3195624901001314e-5,1.3338634528503583e-5,4.268224690805583e-5
29,female_share,0.002448090425948356,0.0006750086540379079,0.0016149467961759012,0.0031028964425278355,0.0019613271004266914,0.0028250803387550676
30,shock_g1,-0.00016849019109276738,0.00016768087086467385,-0.00036759326423467455,3.2047089527206856e-5,-0.00028652645747021265,-3.460248012414962e-5
30,shock_g2,-1.3137284577438633e-5,0.00014540863221976068,-0.00019756102628723998,0.00016368324748919732,-0.0001276249521294823,0.00010373736164594068
30,shock_g3,-2.8475380786749962e-5,0.00017476066620793782,-0.0005869589602312577,0.0007713597255303453,-0.00022522005951159516,0.00028415694774315645
30,shock_g4,-4.56381352302135e-6,0.00013992183237259364,-0.0001777376608927883,0.0002145148627641312,-0.0001091716934932937,0.00012269677929167746
30,shock_g5,7.608308004682118e-5,9.211806708189519e-5,-3.8552063554811634e-5,0.00018667846512427993,4.5820153635131735e-6,0.00014610533177464486
30,shock_g8,-4.470350551293514e-5,0.00010886003541066021,-0.000185561107138204,8.365188733092184e-5,-0.00013116800340099783,3.985657584059976e-5
30,shock_g9,2.79524938206465e-5,0.00013176826234530015,-0.00014381829472176849,0.00019035433586151937,-7.336823503822177e-5,0.00011609916987852798
30,shock_lag1,-5.194430394685226e-7,5.9155699623439055e-5,-6.749388311261765e-5,8.055769967819077e-5,-4.142763749601308e-5,4.85819446633633e-5
30,ylag1,0.5469941260870899,0.03653069648802708,0.5042267990887079,0.5824464343939723,0.5215441452557505,0.5682212766607406
30,log_oil_lag1,7.186181823429307e-5,0.00011285333342687594,-7.935226830120866e-5,0.0002134521576541379,-2.2215717313905407e-5,0.0001646791414243504
30,ffr_lag1,-6.748647749759428e-5,7.716783680736593e-5,-0.0001680775996767991,4.128855827609308e-5,-0.00012988671700783403,1.4645847555621802e-6
30,cpi_lag1,-1.2708036927843244e-5,3.899952946503565e-6,-1.8375379677605334e-5,-7.143922759799683e-6,-1.5990235900843857e-5,-9.42125272643067e-6
30,indpro_lag1,-3.5297988659347136e-5,7.407970602962157e-6,-4.5863487198622494e-5,-2.3453580635048682e-5,-4.1791823924197776e-5,-2.8389377260691784e-5
30,t10y3m_lag1,-0.00011556598675578447,0.00010508545891435834,-0.0002533500341025481,4.819739330517662e-5,-0.00019731885038832474,-1.5783630633369548e-5
30,age_mean,2.279683806817995e-5,1.885094718874775e-5,7.367267507745988e-7,4.5672629728310126e-5,1.0202974212033186e-5,3.631381593829174e-5
30,female_share,0.0028335717879222648,0.0005477700143458674,0.002184480333601553,0.0035548792443809334,0.0024493207162224364,0.003253239867241133
31,shock_g1,0.0001290380948320274,0.00017265091770910605,-9.233637090232293e-5,0.0003459949429180444,-4.027596285719159e-6,0.0002526201746226251
31,shock_g2,-7.352096721113967e-5,0.00017542669749274212,-0.00029028473242516514,0.0001683941202992056,-0.00020315128168104952,7.771193227567008e-5
31,shock_g3,0.0012188603092397295,0.00028988008115115525,-0.0005810071959004145,0.002003539515250723,0.0003882763208235821,0.0015908724376495157
31,shock_g4,-0.00024661419611636624,0.0001302337040754284,-0.0004179988176926699,-7.774669083310503e-5,-0.0003437858487704055,-0.00013909371975032097
31,shock_g5,7.260840151545539e-5,9.462319500221642e-5,-5.920281463015795e-5,0.00020437219443768213,-3.2334350210807097e-6,0.00015170625015269949
31,shock_g8,0.00010433009226411673,0.00010105535829599497,-2.777303757127276e-5,0.000232056233245198,2.8900013264754608e-5,0.0001793236254019384
31,shock_g9,6.103907217561074e-5,0.00011739045391005958,-6.599801941577763e-5,0.0001858571660283599,-2.617327143294049e-5,0.00013396039071151433
31,shock_lag1,8.055185971644203e-5,5.928155749837441e-5,-5.539290238151454e-7,0.00015224758743654417,2.8786591550890986e-5,0.0001231629525766823
31,ylag1,0.5542352138575546,0.03479416592093887,0.5151907103602263,0.5929496869998351,0.5305762097036762,0.5769730185215535
31,log_oil_lag1,5.72843312499087e-5,0.00011102500746199408,-7.541125080378695e-5,0.00019769978861704216,-2.5008565524141115e-5,0.00015061651228406183
31,ffr_lag1,-6.173789763447956e-5,7.598361195688405e-5,-0.00016448067053634997,4.0292864959247415e-5,-0.00012256230045249776,2.3228398707213324e-6
31,cpi_lag1,-1.2653363668983298e-5,3.9109117895171e-6,-1.819676899077338e-5,-7.55869780909149e-6,-1.6087095641564564e-5,-9.50359338298836e-6
31,indpro_lag1,-3.297788694483264e-5,7.455897929538184e-6,-4.3493195931990696e-5,-2.179169082127482e-5,-3.897344991841224e-5,-2.6140452585969414e-5
31,t10y3m_lag1,-0.00010215863610612114,0.0001048241451767245,-0.00023882886462129417,4.9429047461544315e-5,-0.0001907626144816513,-1.1042478366863123e-5
31,age_mean,3.149095256690479e-5,2.1237839170075666e-5,3.897744268667279e-6,5.473310114940626e-5,1.4373952394497532e-5,4.725276719816268e-5
31,female_share,0.0017681316195147596,0.0006394590419585007,0.000994753714659929,0.002412844896252391,0.0012807766056410499,0.0021706251623464555
32,shock_g1,0.0003668684683872911,0.00016814941518539426,0.00016492312391972765,0.0005842403384747029,0.00022979714323270462,0.0005097443342341473
32,shock_g2,3.2335234803141544e-5,0.00011836696022967942,-0.00012154695517516319,0.00020181519431035323,-6.089653632294347e-5,0.0001327272706726409
32,shock_g3,0.0005817544349801146,0.00011484406549161014,0.00038276819566644915,0.0010372382826271793,0.0005073199423532294,0.0007956789655309672
32,shock_g4,0.00024529751058374125,0.00014735615059662422,4.918938919999368e-5,0.00043152727451904846,0.0001264500848089853,0.0003615014228787665
32,shock_g5,6.904736286038287e-5,9.057607311864605e-5,-5.270768917055524e-5,0.00017371086046708153,-1.4693517435683632e-6,0.00013017702313676568
32,shock_g8,-7.50813807642322e-5,0.00012639887429316798,-0.00023036453155808167,7.742117651122857e-5,-0.00016386331496547068,1.831564771954494e-5
32,shock_g9,7.366664445794495e-5,0.00016180621908001258,-0.00011535281766860875,0.00027494057650323913,-5.215370255710818e-5,0.0001916885023572233
32,shock_lag1,-5.624371276680185e-5,5.034986820807363e-5,-0.00011626996388895453,1.69493429127444e-6,-8.958925028783004e-5,-2.108248463748877e-5
32,ylag1,0.5494946462182382,0.039716189754979425,0.5075521326645853,0.5887166935766658,0.525843928696899,0.5713947379227831
32,log_oil_lag1,9.587035515534455e-5,0.00011086679268681725,-4.551263962782143e-5,0.0002441833648994475,1.1003200226242016e-5,0.00018919808014989265
32,ffr_lag1,-8.449446973200941e-5,7.044094700958236e-5,-0.0001736423975697273,9.634443049727747e-6,-0.00013899591841239946,-2.5975451105975892e-5
32,cpi_lag1,-1.3412072709625799e-5,3.633845842014059e-6,-1.780727041457072e-5,-8.4299465947111e-6,-1.611653989004768e-5,-1.0748062309814351e-5
32,indpro_lag1,-3.456701742429166e-5,7.053216641679257e-6,-4.4455908006591845e-5,-2.326836632472383e-5,-4.02534187658689e-5,-2.85842676912204e-5
32,t10y3m_lag1,-0.00013447490811126423,9.837215653621097e-5,-0.0002569509201459896,-1.269372616012702e-6,-0.0002125821410296204,-5.752152139894288e-5
32,age_mean,2.4901851738427503e-5,2.175015451849473e-5,-1.2778035116598382e-6,5.1089435784906463e-5,9.259872537627359e-6,4.0787821718432895e-5
32,female_share,0.0021315292446621036,0.0006068295846444287,0.0014438295591580825,0.0028920308496592365,0.001654762222240007,0.002592182173853671
33,shock_g1,-0.00012642693050855667,0.00018426924250071065,-0.00035822232808092674,0.00010232329393213395,-0.0002515861421872747,1.0583363465347572e-5
33,shock_g2,-9.698619524617155e-5,0.00012078343057487565,-0.00023850895293571774,5.5282784737443027e-5,-0.00018149750244919705,6.266945538152492e-8
33,shock_g3,0.00022851754176958367,0.0001716609964525185,-0.00036177109450930933,0.0013980645027244466,6.108646473442381e-7,0.0006522485517089292
33,shock_g4,-5.528189453968602e-5,9.961266829566332e-5,-0.00023273184828061417,6.68129665095173e-5,-0.00014593301264371407,2.2122566981816534e-5
33,shock_g5,-0.00011420393972780103,8.443215599467075e-5,-0.00022174031319217703,-7.896213075475063e-7,-0.00017683361975179702,-5.04630964945302e-5
33,shock_g8,0.0001728948527987975,0.00012175458351043099,2.9128699332492397e-5,0.0003053843123205733,8.549790084864561e-5,0.00026351654022251574
33,shock_g9,-3.206289938990482e-6,0.00014556640006990125,-0.00017918063842309952,0.00017553658212144342,-0.00012013262053901414,9.95031543904419e-5
33,shock_lag1,4.929520045847358e-5,6.655744064707092e-5,-4.4110142989337794e-5,0.00013213817835125845,-4.231750180056869e-6,9.51784531873272e-5
33,ylag1,0.5334285372063257,0.04238738312317245,0.4892350605151065,0.5735404721794707,0.5105256792865128,0.5548601688790408
33,log_oil_lag1,4.762931517948806e-5,0.0001057029946152195,-8.678390465678041e-5,0.00019998943764677204,-3.275078648692539e-5,0.00013803624533003506
33,ffr_lag1,-8.276004882867378e-5,6.455729528782732e-5,-0.0001608621488571166,5.623814275795429e-6,-0.00013227711735360308,-3.14783762472431e-5
33,cpi_lag1,-1.29329445806658e-5,3.403760167774915e-6,-1.6728650592206498e-5,-8.746533846800793e-6,-1.5495239357049233e-5,-1.0303140029465207e-5
33,indpro_lag1,-3.446101958263513e-5,7.38723105582625e-6,-4.474957301845409e-5,-2.32152467157176e-5,-4.002120289268467e-5,-2.8349045535110715e-5
33,t10y3m_lag1,-0.000133894932301448,9.373948220427798e-5,-0.00025428725592439763,-3.6653295408363505e-6,-0.000205340490914695,-5.286829082681422e-5
33,age_mean,1.0178169443005194e-5,2.383288857027858e-5,-2.0108192997281742e-5,3.885327520106956e-5,-6.277699683122505e-6,2.601486940846687e-5
33,female_share,0.002196857979742622,0.0005492763404834441,0.0015323817018761633,0.0028658491867237187,0.0017709428603968373,0.0025519625913326704
34,shock_g1,-1.153470255319878e-5,0.00015198921787254723,-0.00021153869359558553,0.00017133996480160195,-0.00014248045191599646,9.471471696580052e-5
34,shock_g2,0.00021959633381970494,0.00014334358529167525,4.0625004294355234e-5,0.000395943159767024,0.00011466551394059577,0.0003269191130813428
34,shock_g3,0.00024613494293397294,8.981446205014084e-5,-0.00011702602676341971,0.00040970789921991916,0.00011511067306650753,0.00033076012539617785
34,shock_g4,7.131416681749215e-5,0.00012275411249138137,-7.937185145678875e-5,0.00022875585114794604,-3.0481694531006066e-5,0.0001692924773671002
34,shock_g5,7.787659839806562e-5,8.417033735414274e-5,-2.7870554891641617e-5,0.0001676227086609129,1.4095618937879484e-5,0.00013179099763091945
34,shock_g8,0.00010309814353505765,0.00011730048675333697,-4.641652071474682e-5,0.00025940901670834613,1.5799976848792965e-5,0.00019410512556129235
34,shock_g9,5.28299173279967e-5,0.0001239391177997374,-8.408276299957631e-5,0.0002051065256051303,-3.209755867660577e-5,0.0001342542379511042
34,shock_lag1,-1.521614001591308e-5,6.001229751523622e-5,-9.640817012151676e-5,5.7109262033615134e-5,-5.918742521557588e-5,2.946485084320467e-5
34,ylag1,0.5277241353370126,0.039289362039319375,0.48736615719828397,0.5657204148778242,0.5034799725776012,0.5504670515996657
34,log_oil_lag1,2.721674518097054e-5,0.00010360412696350651,-0.00010793210981731108,0.00016904702282974932,-5.634337980791767e-5,0.0001137563873366973
34,ffr_lag1,-6.144163509825351e-5,6.465493091878833e-5,-0.00014831174371147113,2.1890618803123592e-5,-0.00011415569309654121,-1.2584232572168894e-5
34,cpi_lag1,-1.2782476351147387e-5,3.8040916122782213e-6,-1.7239192876148343e-5,-7.414827314591139e-6,-1.5584586834815495e-5,-9.675023747868367e-6
34,indpro_lag1,-3.350571947960329e-5,7.250118894617092e-6,-4.377046958841985e-5,-2.4238548539123853e-5,-3.927710598608708e-5,-2.7289422216289257e-5
34,t10y3m_lag1,-9.329156722767444e-5,9.387146636659036e-5,-0.00020814350514563435,3.53457763832138e-5,-0.00016700243189981037,-2.5494191865640858e-5
34,age_mean,3.0604721873534276e-5,1.9682677492152293e-5,3.5739823371800663e-6,5.4188976788518244e-5,1.3792582485684465e-5,4.394741062446188e-5
34,female_share,0.002248589541788793,0.0005604376527359985,0.0015231208097612385,0.002882322723214708,0.0018183628637272226,0.002681831518502892
35,shock_g1,-2.5438351113026958e-5,0.0001744915304180232,-0.0002497117645734324,0.00020330250589667924,-0.00016599818688955984,0.00011344647982395517
35,shock_g2,2.0359730806791845e-5,0.00015308241386113145,-0.0001670447732116711,0.00019014237301850164,-8.661370585360157e-5,0.0001269955004846841
35,shock_g3,-9.476786894111312e-5,0.00023131618127088344,-0.001680234405102001,0.0012608462619391574,-0.0004526909425576072,0.0007123541203029025
35,shock_g4,0.00014660198288573957,0.0001234513277910655,-3.624183569618769e-5,0.00029642710123319233,3.9749488169978984e-5,0.00022950367457770808
35,shock_g5,4.5843204986830436e-5,7.138335639579884e-5,-4.361187587758957e-5,0.0001344034978537513,-9.410247655647156e-6,9.557486514050247e-5
35,shock_g8,0.0001273338641553087,0.00010144783061564843,1.7519863222259995e-5,0.00024417542447456386,6.494979848175419e-5,0.0002064764811883328
35,shock_g9,-0.00012142295452922776,0.00013895430928343808,-0.00029285767143386076,4.353110507689421e-5,-0.0002182794095129193,-1.2347037731368237e-5
35,shock_lag1,-8.795046098752985e-6,5.6607447970526005e-5,-7.416734876451474e-5,6.143035129813563e-5,-4.809272758855555e-5,3.593668991114887e-5
35,ylag1,0.5201262852933916,0.03887926524636292,0.4802621980333353,0.560686788982441,0.4962118381958358,0.5437198800631927
35,log_oil_lag1,3.599156264974219e-5,9.759709850775297e-5,-0.00010164631974428783,0.00015809447383953457,-4.8790122471581744e-5,0.00010865868007799928
35,ffr_lag1,-6.967405130255854e-5,6.755703070371014e-5,-0.00015628980049666344,2.374439478150147e-5,-0.00011952302013307994,-7.873877455129739e-6
35,cpi_lag1,-1.2904985336225781e-5,4.096266643245001e-6,-1.7783381574726357e-5,-7.318146445661195e-6,-1.5688215653508793e-5,-9.323968717574925e-6
35,indpro_lag1,-3.1972970372233655e-5,7.363352980027324e-6,-4.0909527934860675e-5,-2.2158077978912803e-5,-3.769089338743674e-5,-2.62974231008781e-5
35,t10y3m_lag1,-9.388517875969345e-5,9.330534086821326e-5,-0.00021396499040129301,3.531198225768727e-5,-0.00016177278396405288,-1.4047272356707265e-5
35,age_mean,1.8520302502501884e-6,2.224514853690473e-5,-2.918116048636321e-5,3.0093346633752848e-5,-1.5996316542813206e-5,1.7649666734419553e-5
35,female_share,0.0021448483476501847,0.0005660080158112827,0.001396794626848916,0.0028311051698633937,0.0017612583296555363,0.0025275806634740064
36,shock_g1,1.1751323801520334e-5,0.000164640927362916,-0.00019291376169904698,0.0002279151664493659,-0.00011782622853808392,0.00015865373089010338
36,shock_g2,0.00015594421056377847,0.00012870290317256683,1.7457512310619646e-5,0.0003214060840248626,7.489036562567146e-5,0.0002621482773187535
36,shock_g3,-0.001408152300936793,0.00018140090290639656,-0.0037432139626031877,-0.0011608161107822474,-0.0028546153912127536,-0.0012580853890045327
36,shock_g4,2.9531826883913926e-6,0.00012976977429476438,-0.00017910204142316383,0.00014175210408385022,-0.00010823480607868196,9.028236151543749e-5
36,shock_g5,-1.2843610058671042e-5,8.885416516078803e-5,-0.00014231335394761455,0.00010016294953441661,-9.181595348239228e-5,5.134076129843954e-5
36,shock_g8,-6.51851844742023e-6,9.344470555672189e-5,-0.00013403262334820982,0.00012097895201172444,-7.882893792794841e-5,6.799789992561575e-5
36,shock_g9,-5.1117686989693294e-5,0.00013021424251832684,-0.00021463404137486147,0.00011698046122901923,-0.00014334170541214665,5.400725547404042e-5
36,shock_lag1,-9.398220665743396e-5,6.116200884944256e-5,-0.00018267027215150558,-1.0488965250922254e-5,-0.00014595025941822515,-4.6215500747683137e-5
36,ylag1,0.5254896432820854,0.03611812520972898,0.49082717164802403,0.5677917318595423,0.5032193170930795,0.5469231320103225
36,log_oil_lag1,6.0488884313859736e-5,8.824073211680838e-5,-8.298316833393439e-5,0.0001638292797342241,-2.305617629463417e-5,0.0001241890956557776
36,ffr_lag1,-6.706563988502559e-5,6.834454255970755e-5,-0.00015336196186496932,3.615417255238333e-5,-0.00011658753520232828,-3.262075335239969e-6
36,cpi_lag1,-1.1988811657417142e-5,4.352029969677625e-6,-1.709667170972178e-5,-5.581832039742266e-6,-1.543357812128501e-5,-7.7128865694414e-6
36,indpro_lag1,-3.274993310368181e-5,7.124828194853751e-6,-4.144339208538957e-5,-2.358127965485575e-5,-3.850780986842356e-5,-2.7292376329525325e-5
36,t10y3m_lag1,-8.307258262243246e-5,9.26978852660913e-5,-0.0002059355634101245,5.99195039643763e-5,-0.00015471136637921974,5.907175329119166e-6
36,age_mean,-4.050486520078224e-7,1.954785047003939e-5,-2.3906160676711283e-5,2.388100029229211e-5,-1.4549332151799325e-5,1.626169574734648e-5
36,female_share,0.002617751738748726,0.0006016368722601376,0.0019408807550951957,0.0033135219787291505,0.0022378717343667412,0.0030135270538956095
