horizon,beta_abs,boot_se,ci_lo95,ci_hi95,ci_lo90,ci_hi90,ci_lo68,ci_hi68,theta,boot_se_theta,ci_lo95_theta,ci_hi95_theta,ci_lo90_theta,ci_hi90_theta,ci_lo68_theta,ci_hi68_theta
0,-0.0001460221274142818,0.0030716259374160113,-0.005697571581767539,0.006283528036399838,-0.005086690298327499,0.005262033534623747,-0.002906299539223704,0.003194982419268573,0.002495697299762114,0.002857383940873131,-0.0028546574059168167,0.008241535008137828,-0.002150798630560869,0.007373162830357589,0.00012325992226968471,0.005482730187238984
1,0.0049742926442970375,0.0038576151469299105,-0.002596664719260908,0.012587641216310935,-0.0016613060782135155,0.011153208879026284,0.0013695619057967534,0.008839090932693725,0.007969826212234165,0.003418711949251953,0.0013123954141407682,0.01451246142661609,0.0022888136758196127,0.013478281549774075,0.004537989711313663,0.0115514925805035
2,0.004806083710024578,0.0038884335038655224,-0.0029601372010507635,0.012203468792429378,-0.001700867117261254,0.011103547945039541,0.0009935212569790683,0.00860824017210016,0.006643117072987688,0.003649958953943258,-0.00012568894608964293,0.013961792272582334,0.0006681633084926171,0.012767261498854966,0.0028746809086586285,0.01015708581575163
3,2.7930203660913233e-5,0.003716888444861674,-0.007453965000670184,0.007645246421602485,-0.006602465212904768,0.005947377684497148,-0.0037328251149037683,0.0034026056446559167,0.0008032201552271135,0.003901178421785152,-0.006312180924649187,0.008673982465679192,-0.005429153677089965,0.006987775570495335,-0.003194044618958665,0.004591894624581866
4,0.003256638439620994,0.004228108068200543,-0.004402334267012996,0.01200548979732198,-0.0030879850001207377,0.010318205882660834,-0.00043080291920940216,0.007752981266692229,0.005260817898590621,0.004509600962621851,-0.0028773050219002092,0.014843592276113277,-0.0012649261875002807,0.013309910622759831,0.0013123805689564728,0.009575431164982658
5,0.004669221012150218,0.0042419248320527125,-0.002596232844748173,0.014146573082261905,-0.001542706941218567,0.012531356688657127,0.000912638930306054,0.009126617526505036,0.006442980642690287,0.004062246106757146,-0.0002842105484038627,0.016035624537558604,0.0007717744802812476,0.014314644539176736,0.002934398458163958,0.010348709063658635
6,0.005999932931877157,0.004650594619228766,-0.003147767080945615,0.01570961755249404,-0.0018503294608824693,0.013718494826326647,0.0014985645490620113,0.010455303976644053,0.008726647982472281,0.004139679317769837,0.00037902317300519896,0.01713289926942589,0.0019909139313428197,0.015748113968488155,0.00497833720221287,0.012933151268814724
7,0.007637220291045396,0.004509277656600366,-0.0007495594275427034,0.01639987164366238,0.0007078004058547769,0.01496171728970118,0.0028881604715918297,0.012520749179691247,0.011308114030648096,0.004317760031317902,0.0028539923864303787,0.01979355062236217,0.004330186946387926,0.01780564185301512,0.0068581385173255354,0.015097206716818119
8,0.00576488132986736,0.004978014592333682,-0.0031601140231100012,0.016067684177018208,-0.0019485791749422566,0.013926317216679878,0.0013117810318828012,0.011016758086405102,0.010299019180944124,0.004824067398149781,0.0022317053049272675,0.020371458991537833,0.003272277198005035,0.01870803916549912,0.005948171368365766,0.015368775177139022
9,0.002175197793658509,0.0044143001206505186,-0.005118124298842673,0.011278945230074796,-0.004362927680131913,0.009820677471919136,-0.0020462180275733453,0.006658369193904445,0.007080458612955265,0.004560168098039133,-0.0014344817032813687,0.01599873946683729,-0.0001550288500596613,0.014602953809285866,0.0027207128784724017,0.012008312576165858
10,0.0020757578077333074,0.004044751135663785,-0.004730261261407481,0.011271143753139905,-0.0036302193632421487,0.009786933604935232,-0.0012459509618417345,0.006782561244454517,0.006062078162762106,0.00447559413395374,-0.001527717267379516,0.015515018338588727,-0.0005540383335854487,0.014002222531951679,0.0019178870255519183,0.010835722664827265
11,0.0042909284013080765,0.004690943989607237,-0.004189353590804898,0.0140529672280688,-0.002595838363017353,0.012714260482026144,-0.00010119658746961142,0.009307131332241127,0.009586523106063588,0.00475652511633583,0.0009825553179080636,0.02039824424370009,0.0022950113414675157,0.017405917079843302,0.005323741818898678,0.014443257882941457
12,0.0006139607336254705,0.004395047996652314,-0.007076382615470508,0.009514491924007874,-0.006448659279572676,0.008216165309096038,-0.0033888648760776914,0.005044237036940594,0.006253293782013207,0.004964327913973624,-0.003280402764607113,0.015758688316870335,-0.0014548170294423088,0.014220675242915199,0.0012788835384663854,0.011542640925312977
13,0.00516181342835367,0.004347351706779914,-0.002834881536838699,0.014167789693527121,-0.0016468856237410634,0.012229045445241067,0.0011600337161118768,0.009974967211855867,0.01077106501886268,0.004529732411069415,0.0026251423359028494,0.02003525391577855,0.003877327809670902,0.01842732269933162,0.006546391305754014,0.015771357721472177
14,0.00649722731945597,0.004805378742090846,-0.002168046907068694,0.01602375077663768,-0.001083552066292006,0.014556919212366104,0.0016870296838713411,0.011155749103838347,0.012078284875210435,0.004933154102916139,0.0034773102809676493,0.02296996225809643,0.004643348287393511,0.020794682380454316,0.007278856084810163,0.017684859551768715
15,0.004941084314286573,0.004811915028985997,-0.0044096503558870995,0.014136939707143546,-0.002340788112527834,0.012887314480074965,0.00028604736143073066,0.009715706871405832,0.010384134566913016,0.004612276299479264,0.001992160166087596,0.0191703557270078,0.003102467692943941,0.018416933197078208,0.005915444824221444,0.015496351026404264
16,0.004306382487666375,0.004869538085914092,-0.004408412606794244,0.01417161355982469,-0.0035908288141418537,0.012581126111225995,-0.0005783641829989302,0.009081251172175566,0.010865391397613628,0.004288038311943617,0.0031463524771735635,0.020574493620528544,0.0047390471254881664,0.01935761616202921,0.007211179498636052,0.0153125376480709
17,0.006560027233849548,0.004943101029385268,-0.0032222371519234575,0.01666249225937015,-0.0017838871435408952,0.014671013181249293,0.0017867282639399355,0.011239614010701844,0.011406726698167871,0.005113219053258437,0.0016085109057458018,0.021660844000170532,0.002938330694616768,0.019755925576164696,0.005901990136292048,0.016463062492569746
18,0.00477999618252372,0.005293679281701786,-0.006671959856089461,0.01521523642121856,-0.004349109906550161,0.013576417440212292,-0.000203445275164361,0.010021026473056256,0.011686200237830081,0.005256069492907265,0.001529799399982528,0.022002419939770722,0.0028886046008864017,0.020432281879115465,0.00673908539143893,0.016910809738917388
19,-0.00046111446723033113,0.005023539893939041,-0.009966693682240497,0.008603159908934361,-0.00869110910485459,0.007873613935946402,-0.004907104602841929,0.005004047666918431,0.006793314263070634,0.005372186632906783,-0.002538695279441848,0.0188953886958021,-0.0008786335310335127,0.016633774547797076,0.0019181074917122211,0.012721324063351669
20,-0.0003620293114511286,0.005624997084533265,-0.01051700704705259,0.011007422236838387,-0.009107712773130813,0.00912932089485333,-0.005526891287883626,0.005831449816551789,0.008112050704153325,0.006096392892505839,-0.0017846246094478323,0.021151469609762125,-0.0009716926901794473,0.018974558799161996,0.002212666779955113,0.01465246480310143
21,-0.0004278947512086377,0.0052926593707768674,-0.010281423503480606,0.009281975870181081,-0.008837804478368554,0.008832388749066488,-0.005021969199069881,0.004990703273093859,0.007746559662979542,0.006147780812359853,-0.0035390203459786896,0.020142230011677403,-0.0020078454977415865,0.0184180214946903,0.002090930646565667,0.014825293587941196
22,0.001273360393607148,0.005251142282611835,-0.00844433215168189,0.0116032228853089,-0.006460567821685873,0.009898238610984194,-0.003732113935598395,0.006880577988130349,0.008117348197184349,0.005666689468803177,-0.0030368488015663285,0.02005871872785071,-0.0014302553851560814,0.018305184807765672,0.0025805364110999653,0.014137825321117964
23,0.0012094367905614639,0.004647630223854531,-0.006760501044685711,0.010682302213245082,-0.005893735579862697,0.009024000294717836,-0.0032230670084625475,0.0060576170977239404,0.008948289363177151,0.005194222396009603,0.00018783179937055248,0.019997640427872235,0.0009753682082550649,0.0168331133972388,0.0033945140125911607,0.014044548760908888
24,0.002058398613190359,0.005126457390074471,-0.008081130328681706,0.012135415055288264,-0.006231821727090653,0.010617988500094195,-0.003087943733910765,0.006933673312181037,0.011012515128372067,0.005660972271132049,-0.0008942230375396777,0.021470751724799605,0.001468642558323148,0.019926227995899607,0.005422868568804401,0.0168076838118989
25,0.0003764836312217324,0.0052670007082357435,-0.01003853988415423,0.009865282485031325,-0.00823913006015485,0.008616608409612876,-0.004535344483073874,0.006031536335415498,0.008100735863141887,0.006351071893747071,-0.004334152749124695,0.01942612502339485,-0.0027029051181186865,0.01800135254604735,0.0014535509296023767,0.014495544324373229
26,0.004360867157333989,0.0051406774809377555,-0.005183280196881865,0.015702894066492598,-0.003258739428884648,0.013057007564198838,-0.00021123267004113797,0.009967451110970164,0.01118319190322271,0.005592902745161452,0.0015468471030661,0.023278928615855406,0.0029238593352625226,0.02104751891847792,0.005924089872979369,0.017441375503417598
27,-0.0006172686623298661,0.005658000206471547,-0.010758248380541985,0.010605002005112435,-0.009793011265222465,0.008894422895342978,-0.005782810054884596,0.005033026764063186,0.006242222428206611,0.005045535542902216,-0.003655510842903569,0.016334734702937732,-0.00123336311531522,0.014742077167705255,0.0012356702158234042,0.01142982390742952
28,0.00033120084234523027,0.005487673196900324,-0.009623029872727347,0.011638351158437268,-0.007754824763318892,0.01021734975075039,-0.0049727717507005425,0.0062391499158276935,0.009444279806720886,0.005150047191112198,-0.0001579950309961279,0.019329503525422502,0.0016027759937611201,0.01836345301477,0.0043579397505955205,0.014559124771019984
29,-0.00022089420752268232,0.005329390157366521,-0.010352640992189414,0.010004858883189496,-0.008826048482924502,0.008819906534303689,-0.004877914943218593,0.0055729883781532675,0.009217843550601462,0.00520015311823646,-0.0008537304501182078,0.01939559194441183,0.001187242819903277,0.017806343645976587,0.004817264585363171,0.014679411475523242
30,0.0005753281459148843,0.005913069300302686,-0.01046154140338425,0.012661216192844695,-0.008378177969201855,0.010369541838650269,-0.00419117542769583,0.0068164427270680705,0.00930470120188135,0.00508649112976559,-0.0003527115234131606,0.019569615263086777,0.0005745296833923421,0.017128427153304423,0.003908563781702564,0.014293438364792252
31,-0.002540982567881384,0.0051497233576775076,-0.013093726688511394,0.007278360359561267,-0.01056029144120021,0.0056706545492743446,-0.006673187955978798,0.0030163405859561197,0.006801267324710415,0.0055981271102301155,-0.0034065474608554825,0.018618563877299925,-0.0025729777283955615,0.016470576401608976,0.0015599254047426628,0.012377495957801736
32,-0.0028535986963881075,0.005412390483173826,-0.014404815752759224,0.006508888035514295,-0.012429354540363636,0.005100189970689704,-0.0084073763298305,0.0021569401439157023,0.006467697213730425,0.005179079732271716,-0.0033778936337737903,0.017218196138293368,-0.002273353259739418,0.01449726372271534,0.0009442343027049657,0.010686877562648873
33,-0.0026872885839825016,0.005331539086457606,-0.013414124897927794,0.007102576155845903,-0.011586848175365011,0.005484518588202319,-0.007890858503320294,0.002366545455003718,0.0053371406507430495,0.005564614039645594,-0.00517928544361251,0.016564059637190414,-0.0033757633547878336,0.014364944438971891,-0.00010518668684872219,0.010934046896027042
34,-0.0006713675538575197,0.0052843557005889585,-0.011425619151887174,0.008791918252257266,-0.009674157189305794,0.007667434103875855,-0.006006558603283567,0.004720374928827133,0.005273974036398712,0.0057101049082163855,-0.005771941028905592,0.015823719093346254,-0.004070418843941345,0.014066392509917923,-0.0006356092363915732,0.01103602016846953
35,-0.0020704285566294045,0.005005308238395798,-0.011358404196043899,0.008058046625124774,-0.009827929840404688,0.00660794390875073,-0.006664058997684755,0.003115694388596809,0.0033271591625102528,0.005906443868547675,-0.008131381097244261,0.014803645612964827,-0.006204542141504656,0.013438530388007765,-0.0023969146832874943,0.009383757980376585
36,-0.005292660813673208,0.005281293872206211,-0.015071278540981933,0.005019801065448283,-0.014025436074599598,0.003831068387120711,-0.010637739691423797,0.0005325347199457256,0.0018992456624157261,0.006213951284590777,-0.009326885021801151,0.0140826641986878,-0.0083909792682016,0.011926761803250883,-0.0045110772841014165,0.008195397908335384
