occ_group,occ_name,ind_group,ind_name,share,n_obs
1,Managerial,1,Agriculture_forestry_fishing,0.003869913,230
1,Managerial,2,Mining,0.004746974,322
1,Managerial,3,Construction,0.04587268,2608
1,Managerial,4,Manufacturing_nondurable,0.060688123,3467
1,Managerial,5,Manufacturing_durable,0.10413243,5767
1,Managerial,6,Transportation_utilities,0.07381385,4242
1,Managerial,7,Wholesale_trade,0.03397318,1913
1,Managerial,8,Retail_trade,0.093019515,5276
1,Managerial,9,Finance_insurance_realestate,0.14355053,8368
1,Managerial,10,Business_repair_services,0.0748841,4100
1,Managerial,11,Personal_entertainment_services,0.04363194,2560
1,Managerial,12,Professional_related_services,0.23423448,14233
1,Managerial,13,Public_administration,0.08359346,5301
2,Professional_specialty,1,Agriculture_forestry_fishing,0.0037533166,301
2,Professional_specialty,2,Mining,0.0033192555,233
2,Professional_specialty,3,Construction,0.008333492,531
2,Professional_specialty,4,Manufacturing_nondurable,0.035755392,2315
2,Professional_specialty,5,Manufacturing_durable,0.076352,4627
2,Professional_specialty,6,Transportation_utilities,0.031704057,1987
2,Professional_specialty,7,Wholesale_trade,0.0070301383,423
2,Professional_specialty,8,Retail_trade,0.021812284,1430
2,Professional_specialty,9,Finance_insurance_realestate,0.019845976,1257
2,Professional_specialty,10,Business_repair_services,0.05094034,3043
2,Professional_specialty,11,Personal_entertainment_services,0.024332376,1545
2,Professional_specialty,12,Professional_related_services,0.6620184,44339
2,Professional_specialty,13,Public_administration,0.0548026,3770
3,High_tech,1,Agriculture_forestry_fishing,0.012161936,207
3,High_tech,2,Mining,0.00464248,95
3,High_tech,3,Construction,0.012116753,191
3,High_tech,4,Manufacturing_nondurable,0.0509565,779
3,High_tech,5,Manufacturing_durable,0.109876655,1621
3,High_tech,6,Transportation_utilities,0.07441442,1148
3,High_tech,7,Wholesale_trade,0.011727855,175
3,High_tech,8,Retail_trade,0.04209203,632
3,High_tech,9,Finance_insurance_realestate,0.039975047,637
3,High_tech,10,Business_repair_services,0.07881134,1163
3,High_tech,11,Personal_entertainment_services,0.0068554375,93
3,High_tech,12,Professional_related_services,0.50104505,7854
3,High_tech,13,Public_administration,0.055324487,950
4,Sales,1,Agriculture_forestry_fishing,0.001247679,58
4,Sales,2,Mining,0.0006953782,31
4,Sales,3,Construction,0.004256774,186
4,Sales,4,Manufacturing_nondurable,0.030273503,1416
4,Sales,5,Manufacturing_durable,0.024736902,1137
4,Sales,6,Transportation_utilities,0.021395879,993
4,Sales,7,Wholesale_trade,0.12010193,5722
4,Sales,8,Retail_trade,0.5954119,28249
4,Sales,9,Finance_insurance_realestate,0.11468195,5328
4,Sales,10,Business_repair_services,0.03662344,1675
4,Sales,11,Personal_entertainment_services,0.032520313,1566
4,Sales,12,Professional_related_services,0.01585453,756
4,Sales,13,Public_administration,0.0021995471,109
5,Administrative_support,1,Agriculture_forestry_fishing,0.0052623614,376
5,Administrative_support,2,Mining,0.0026569425,215
5,Administrative_support,3,Construction,0.017484449,1209
5,Administrative_support,4,Manufacturing_nondurable,0.04254336,2812
5,Administrative_support,5,Manufacturing_durable,0.06308349,4109
5,Administrative_support,6,Transportation_utilities,0.12613265,8547
5,Administrative_support,7,Wholesale_trade,0.040649205,2688
5,Administrative_support,8,Retail_trade,0.07452252,5197
5,Administrative_support,9,Finance_insurance_realestate,0.15338448,10590
5,Administrative_support,10,Business_repair_services,0.0668338,4417
5,Administrative_support,11,Personal_entertainment_services,0.028657846,2031
5,Administrative_support,12,Professional_related_services,0.30628377,21546
5,Administrative_support,13,Public_administration,0.072514765,5326
6,Service,1,Agriculture_forestry_fishing,0.0016755091,117
6,Service,2,Mining,0.00039174306,35
6,Service,3,Construction,0.0018168854,115
6,Service,4,Manufacturing_nondurable,0.007421525,407
6,Service,5,Manufacturing_durable,0.0094468715,502
6,Service,6,Transportation_utilities,0.01765403,970
6,Service,7,Wholesale_trade,0.0031259211,176
6,Service,8,Retail_trade,0.31066564,17398
6,Service,9,Finance_insurance_realestate,0.01894718,1042
6,Service,10,Business_repair_services,0.061174564,3288
6,Service,11,Personal_entertainment_services,0.16705991,9745
6,Service,12,Professional_related_services,0.2872171,16736
6,Service,13,Public_administration,0.113404475,6189
7,Farming_forestry_construction,1,Agriculture_forestry_fishing,0.20156951,4370
7,Farming_forestry_construction,2,Mining,0.018163323,614
7,Farming_forestry_construction,3,Construction,0.52480644,11395
7,Farming_forestry_construction,4,Manufacturing_nondurable,0.011720486,252
7,Farming_forestry_construction,5,Manufacturing_durable,0.0524557,1130
7,Farming_forestry_construction,6,Transportation_utilities,0.043448493,973
7,Farming_forestry_construction,7,Wholesale_trade,0.014689985,301
7,Farming_forestry_construction,8,Retail_trade,0.02048256,449
7,Farming_forestry_construction,9,Finance_insurance_realestate,0.017741198,385
7,Farming_forestry_construction,10,Business_repair_services,0.013588946,292
7,Farming_forestry_construction,11,Personal_entertainment_services,0.03614357,801
7,Farming_forestry_construction,12,Professional_related_services,0.034691956,795
7,Farming_forestry_construction,13,Public_administration,0.010500586,265
8,Precision_production_repair,1,Agriculture_forestry_fishing,0.0035290767,105
8,Precision_production_repair,2,Mining,0.01255218,518
8,Precision_production_repair,3,Construction,0.05159893,1420
8,Precision_production_repair,4,Manufacturing_nondurable,0.12877038,3542
8,Precision_production_repair,5,Manufacturing_durable,0.28912213,7708
8,Precision_production_repair,6,Transportation_utilities,0.13672091,3841
8,Precision_production_repair,7,Wholesale_trade,0.038853068,1121
8,Precision_production_repair,8,Retail_trade,0.12668803,3622
8,Precision_production_repair,9,Finance_insurance_realestate,0.013597909,349
8,Precision_production_repair,10,Business_repair_services,0.11696,3216
8,Precision_production_repair,11,Personal_entertainment_services,0.019253233,541
8,Precision_production_repair,12,Professional_related_services,0.04299495,1222
8,Precision_production_repair,13,Public_administration,0.019358268,617
9,Machine_operators_transport,1,Agriculture_forestry_fishing,0.004355923,261
9,Machine_operators_transport,2,Mining,0.0077316184,693
9,Machine_operators_transport,3,Construction,0.0793691,5045
9,Machine_operators_transport,4,Manufacturing_nondurable,0.17464292,10704
9,Machine_operators_transport,5,Manufacturing_durable,0.3045291,18415
9,Machine_operators_transport,6,Transportation_utilities,0.1371118,8567
9,Machine_operators_transport,7,Wholesale_trade,0.0581074,3555
9,Machine_operators_transport,8,Retail_trade,0.1293093,8166
9,Machine_operators_transport,9,Finance_insurance_realestate,0.002215236,145
9,Machine_operators_transport,10,Business_repair_services,0.04771009,2824
9,Machine_operators_transport,11,Personal_entertainment_services,0.01930467,1232
9,Machine_operators_transport,12,Professional_related_services,0.029430877,1950
9,Machine_operators_transport,13,Public_administration,0.0061807237,422
